tipo;nombre;direccion;codigo_postal;municipio;longitud;latitud;comarca;provincia;cod_comarc;DPTOCRC;departamento
centro auxiliar;CA ALFARA DE LA BARONIA;PINTOR OLIET, S/N;46594;Alfara de la Baronia;-0,355486858;39,76144538;el Camp de Morvedre;València/Valencia;12;4;04. SAGUNTO
centro auxiliar;CA QUARTELL;SAN JOSE, 30;46510;Quartell;-0,263673613;39,73913148;el Camp de Morvedre;València/Valencia;12;4;04. SAGUNTO
centro auxiliar;CA ALBALAT TARONGERS;AVDA. ISABEL CRISTOFOL, S/N;46591;Albalat dels Tarongers;-0,338262276;39,70309749;el Camp de Morvedre;València/Valencia;12;4;04. SAGUNTO
centro auxiliar;CA ALGAR DE PALANCIA;PLAZA CASTELLÓN, S/N;46593;Algar de Palància;-0,368443146;39,77945249;el Camp de Morvedre;València/Valencia;12;4;04. SAGUNTO
centro auxiliar;CA BENAVITES;LES PARRES, S/N;46510;Benavites;-0,258309004;39,73981755;el Camp de Morvedre;València/Valencia;12;4;04. SAGUNTO
centro salud;CS FAURA;DR. FLEMING, 7;46511;Faura;-0,260720343;39,7277069;el Camp de Morvedre;València/Valencia;12;4;04. SAGUNTO
centro salud;CS ESTIVELLA;SEGORBE, S/N;46590;Estivella;-0,34897685;39,7142458;el Camp de Morvedre;València/Valencia;12;4;04. SAGUNTO
centro auxiliar;CA PETRES;SAGUNTO, 3;46501;Petrés;-0,309642908;39,68365739;el Camp de Morvedre;València/Valencia;12;4;04. SAGUNTO
centro auxiliar;CA SEGART;PZA MAYOR, S/N;46592;Segart;-0,37306285;39,68343873;el Camp de Morvedre;València/Valencia;12;4;04. SAGUNTO
centro especialidades;C.E. DE PUERTO SAGUNTO;AV. HISPANITAT, S/N;46520;Sagunt/Sagunto;-0,22806287;39,6652472;el Camp de Morvedre;València/Valencia;12;4;04. SAGUNTO
centro salud;CENTRO DE SALUD DE PUERTO DE SAGUNTO;PERIODISTA AZZATI, S/N;46520;Sagunt/Sagunto;-0,227375848;39,66540023;el Camp de Morvedre;València/Valencia;12;4;04. SAGUNTO
centro salud;CENTRO DE SALUD DE SAGUNT / SAGUNTO;SANTS DE LA PEDRA, 83;46500;Sagunt/Sagunto;-0,280317838;39,6826445;el Camp de Morvedre;València/Valencia;12;4;04. SAGUNTO
centro salud;C.S. PUERTO DE SAGUNTO II;SAGASTA, S/N;46520;Sagunt/Sagunto;-0,215698413;39,66147816;el Camp de Morvedre;València/Valencia;12;4;04. SAGUNTO
centro auxiliar;CONSULTORIO AUXILIAR DE PORT DE SAGUNT / PUERTO DE SAGUNTO EL BALADRE;GENERALITAT, S/N;46520;Sagunt/Sagunto;-0,240348402;39,67095861;el Camp de Morvedre;València/Valencia;12;4;04. SAGUNTO
centro auxiliar;CA SAGUNT RAVAL;PZA. BLASCO IBAÑEZ, 4;46500;Sagunt/Sagunto;-0,271897159;39,67752325;el Camp de Morvedre;València/Valencia;12;4;04. SAGUNTO
centro auxiliar;CONSULTORIO AUXILIAR DE SAGUNT / SAGUNTO ALMARDA;CATARROJA, 9B;46529;Sagunt/Sagunto;-0,201037825;39,70317881;el Camp de Morvedre;València/Valencia;12;4;04. SAGUNTO
hospital;HOSPITAL UNIVERSITARIO DE SAGUNTO;AV. RAMON Y CAJAL, S/N;46520;Sagunt/Sagunto;-0,23195744;39,67486024;el Camp de Morvedre;València/Valencia;12;4;04. SAGUNTO
centro auxiliar;CA QUART VALLS;SANTISIMO CRISTO, 74;46510;Quart de les Valls;-0,275296973;39,74077271;el Camp de Morvedre;València/Valencia;12;4;04. SAGUNTO
centro auxiliar;CA GILET;CANÓNIGO GIMENO, 5;46149;Gilet;-0,324866885;39,6795946;el Camp de Morvedre;València/Valencia;12;4;04. SAGUNTO
centro auxiliar;CA ALGIMIA D ALFARA;GLORIETA, 2;46148;Algímia d'Alfara;-0,363697227;39,75082419;el Camp de Morvedre;València/Valencia;12;4;04. SAGUNTO
centro auxiliar;CA BENIFAIRO VALLS;JESUS BALANZA, 4;46511;Benifairó de les Valls;-0,267053306;39,72769609;el Camp de Morvedre;València/Valencia;12;4;04. SAGUNTO
centro auxiliar;CA CANET D EN BERENG;CONSTITUCIÓ, 24;46529;Canet d'En Berenguer;-0,220737046;39,68138107;el Camp de Morvedre;València/Valencia;12;4;04. SAGUNTO
centro auxiliar;C.A. PLAYA CANET BERENGUE;AVDA. MARE NOSTRUM, 79;46529;Canet d'En Berenguer;-0,204464517;39,680975;el Camp de Morvedre;València/Valencia;12;4;04. SAGUNTO
centro auxiliar;CA TORRES TORRES;LA VIRGEN, S/N;46148;Torres Torres;-0,357912876;39,74395659;el Camp de Morvedre;València/Valencia;12;4;04. SAGUNTO
centro salud;CS EL PUIG DE SANTA MARIA;PROGRES, 15;46540;el Puig de Santa Maria;-0,301034431;39,58878701;l'Horta Nord;València/Valencia;13;4;04. SAGUNTO
centro auxiliar;C.V. DEL PUIG DE STA MARI;URBANIZACION PUIGVAL, S/N;46540;el Puig de Santa Maria;-0,279577785;39,57143269;l'Horta Nord;València/Valencia;13;4;04. SAGUNTO
centro salud;CS PUÇOL;CAMINAS, S/N;46530;Puçol;-0,30842185;39,61547613;l'Horta Nord;València/Valencia;13;4;04. SAGUNTO
centro auxiliar;C.V. DE PUÇOL;AVDA. MEDITERRANEO, ESQ C/ MARJAL EDIFICIO VORAMAR;46530;Puçol;-0,266121869;39,60652285;l'Horta Nord;València/Valencia;13;4;04. SAGUNTO
centro especialidades;CENTRO CASA DEL MAR;AVDA. DEL PUERTO,, 300-1;46024;València;-0,336417;39,460602;València;València/Valencia;15;5;05. VALENCIA - CLINICO
centro salud;CS V REPUBLICA ARGEN;REPUBLICA ARGENTINA, 8;46021;València;-0,351736637;39,47166061;València;València/Valencia;15;5;05. VALENCIA - CLINICO
centro salud;CS V MALVARROSA;C/ ISABEL DE VILLENA, 2;46011;València;-0,325293732;39,4772564;València;València/Valencia;15;5;05. VALENCIA - CLINICO
centro salud;CENTRO DE SALUD DE VALENCIA NAZARET;MCO. FERNANDO MORAIS DE LA HORRA, 2;46024;València;-0,33138957;39,44939111;València;València/Valencia;15;5;05. VALENCIA - CLINICO
centro salud;CS V TRAFALGAR;TRAFALGAR, 32;46023;València;-0,345163204;39,46131735;València;València/Valencia;15;5;05. VALENCIA - CLINICO
centro salud;CS V BENIMACLET;C/ GUARDIA CIVIL, 13;46020;València;-0,358466494;39,48267902;València;València/Valencia;15;5;05. VALENCIA - CLINICO
centro salud;CS V SALVADOR PAU;SALVADOR PAU, 42;46021;València;-0,351479007;39,47006272;València;València/Valencia;15;5;05. VALENCIA - CLINICO
centro salud;CS V SERRERIA 1;C/ SERRERIA, 73;46022;València;-0,335201792;39,46832601;València;València/Valencia;15;5;05. VALENCIA - CLINICO
centro salud;CENTRO DE SALUD DE VALENCIA-ALFAHUIR;ACTOR ISMAEL MERLO,1 ESQ. AV. ALFAHUIR, 4;46020;València;-0,359118;39,492844;València;València/Valencia;15;5;05. VALENCIA - CLINICO
centro salud;CS V SERRERIA 2;C/ PEDRO DE VALENCIA, 26;46022;València;-0,335649323;39,46840792;València;València/Valencia;15;5;05. VALENCIA - CLINICO
centro salud;CENTRO DE SALUD DE VALENCIA CHILE;CHILE, 22;46021;València;-0,355511181;39,47089468;València;València/Valencia;15;5;05. VALENCIA - CLINICO
centro auxiliar;CONSULTORIO AUXILIAR DE VALENCIA VICENTE BRULL;PADRE PORTA, 10;46024;València;-0,332626845;39,4656751;València;València/Valencia;15;5;05. VALENCIA - CLINICO
hospital;H. LA MALVA-ROSA;ISABEL DE VILLENA, 2;46011;València;-0,325407165;39,47757594;València;València/Valencia;15;5;05. VALENCIA - CLINICO
;;Carrer doctor Lluch, 135;46011;València;-0,325157;39,475005;València;València/Valencia;15;5;05. VALENCIA - CLINICO
hospital;H. CLINICO DE VALENCIA;AV BLASCO IBAÑEZ, 17;46010;València;-0,361891018;39,47862789;València;València/Valencia;15;5;05. VALENCIA - CLINICO
centro auxiliar;CA VINALESA;LA YUTERA, S/N;46114;Vinalesa;-0,370107737;39,53906594;l'Horta Nord;València/Valencia;13;5;05. VALENCIA - CLINICO
centro auxiliar;CA ALBALAT SORELLS;GRAN VIA, S/N;46135;Albalat dels Sorells;-0,348006146;39,54410819;l'Horta Nord;València/Valencia;13;5;05. VALENCIA - CLINICO
centro auxiliar;CA BONREPOS I MIRAMB;PL. DEL HOGAR DEL LLAR, S/Nº;46131;Bonrepòs i Mirambell;-0,366043169;39,51803704;l'Horta Nord;València/Valencia;13;5;05. VALENCIA - CLINICO
centro salud;CS MUSEROS;AV.PAIS VALENCIA, S/N;46136;Museros;-0,342980596;39,56310964;l'Horta Nord;València/Valencia;13;5;05. VALENCIA - CLINICO
centro auxiliar;CA ALBUIXECH;MAYOR, 54;46550;Albuixech;-0,32388814;39,54535401;l'Horta Nord;València/Valencia;13;5;05. VALENCIA - CLINICO
centro salud;CS MELIANA;C/ EDUARDO ROMERO, 1;46133;Meliana;-0,348319303;39,52928717;l'Horta Nord;València/Valencia;13;5;05. VALENCIA - CLINICO
centro auxiliar;C.A. DE BARRIO ROCA;CAMINO EL CASSO DE ROCA, S/N;46133;Meliana;-0,32376706;39,52769986;l'Horta Nord;València/Valencia;13;5;05. VALENCIA - CLINICO
centro auxiliar;CA MASSALFASSAR;MAESTRO SERRANO, 36;46560;Massalfassar;-0,32674159;39,55881852;l'Horta Nord;València/Valencia;13;5;05. VALENCIA - CLINICO
centro salud;CS ALMASSERA;AVDA. AUSIAS MARCH, 1;46132;Almàssera;-0,358716469;39,51203616;l'Horta Nord;València/Valencia;13;5;05. VALENCIA - CLINICO
centro auxiliar;CA POBLA FARNALS;JOSEP RENAU I BERENGUER, 2;46137;la Pobla de Farnals;-0,327004498;39,57614133;l'Horta Nord;València/Valencia;13;5;05. VALENCIA - CLINICO
centro auxiliar;CA P.FARNALS PLAYA;AVDA.NEPTUNO(ED.SABAS  A.BAJO), S/Nº;46137;la Pobla de Farnals;-0,284177658;39,56467015;l'Horta Nord;València/Valencia;13;5;05. VALENCIA - CLINICO
centro auxiliar;C. A. EMPERADOR;PLAÇA DE L'AJUNTAMENT, 2;46135;Emperador;-0,338766;39,5545464;l'Horta Nord;València/Valencia;13;5;05. VALENCIA - CLINICO
centro salud;CS FOIOS;AUSIAS MARCH, S/N;46134;Foios;-0,352407892;39,53525285;l'Horta Nord;València/Valencia;13;5;05. VALENCIA - CLINICO
centro salud;CENTRO DE SALUD DE MASSAMAGRELL;C/ MIGUEL SERVET, 48;46130;Massamagrell;-0,33109188;39,5726788;l'Horta Nord;València/Valencia;13;5;05. VALENCIA - CLINICO
centro auxiliar;CA Bº MAGDALENA;SAN FELIX, 1;46130;Massamagrell;-0,343230763;39,58054238;l'Horta Nord;València/Valencia;13;5;05. VALENCIA - CLINICO
;;Carrer San Felix,7;46130;Massamagrell;-0,33109188;39,5726788;l'Horta Nord;València/Valencia;13;5;05. VALENCIA - CLINICO
centro salud;C.S. ALBORAYA;ELS FURS, S/N;46120;Alboraia/Alboraya;-0,348627801;39,49479378;l'Horta Nord;València/Valencia;13;5;05. VALENCIA - CLINICO
centro auxiliar;C.A. ALBORAYA RACO ST;RACO DE S.LLORENS, 10;46120;Alboraia/Alboraya;-0,354559651;39,5008169;l'Horta Nord;València/Valencia;13;5;05. VALENCIA - CLINICO
centro auxiliar;C.A. ALBORAYA PATACONA;MAR MENOR, S/N;46129;Alboraia/Alboraya;-0,326351214;39,49228003;l'Horta Nord;València/Valencia;13;5;05. VALENCIA - CLINICO
;;Polígono In.III Carrer del Ferrers,10;46120;Alboraia/Alboraya;-0,34999359;39,49618782;l'Horta Nord;València/Valencia;13;5;05. VALENCIA - CLINICO
centro auxiliar;C.A. ALBORAYA PORT SAPLAY;PLAZA DE LA SEÑORIA, 4;46128;Alboraia/Alboraya;-0,32037005;39,5126058;l'Horta Nord;València/Valencia;13;5;05. VALENCIA - CLINICO
centro salud;CENTRO DE SALUD DE TAVERNES BLANQUES;CASTELLÓN, 17;46016;Tavernes Blanques;-0,363581043;39,50797104;l'Horta Nord;València/Valencia;13;5;05. VALENCIA - CLINICO
centro salud;CENTRO DE SALUD DE RAFELBUNYOL;JOSE MARÍA LLOPIS, 26;46138;Rafelbunyol;-0,334761795;39,58672987;l'Horta Nord;València/Valencia;13;5;05. VALENCIA - CLINICO
centro salud;C.S. V BENIMAMET;C/ INGENIERO AUBAN, 20;46035;València;-0,421006453;39,49983919;València;València/Valencia;15;6;06. VALENCIA ARNAU LLIRIA
centro auxiliar;C.A. V MASARROCHOS;RECTOR BAUS, 10;46112;València;-0,404223079;39,53992464;València;València/Valencia;15;6;06. VALENCIA ARNAU LLIRIA
centro auxiliar;CA TORREBAJA;FUENTECILLA, S/N;46143;Torrebaja;-1,256171772;40,09576519;El Rincón de Ademuz;València/Valencia;9;6;06. VALENCIA ARNAU LLIRIA
centro auxiliar;CA CASAS ALTAS;DIPUTACION, 34;46147;Casas Altas;-1,263446832;40,04033173;El Rincón de Ademuz;València/Valencia;9;6;06. VALENCIA ARNAU LLIRIA
centro auxiliar;CA CASAS BAJAS;REAL, 10;46146;Casas Bajas;-1,25952617;40,02395791;El Rincón de Ademuz;València/Valencia;9;6;06. VALENCIA ARNAU LLIRIA
centro auxiliar;CA VALLANCA;PZA. DE ESPAÑA, S/N;46145;Vallanca;-1,339041297;40,06292016;El Rincón de Ademuz;València/Valencia;9;6;06. VALENCIA ARNAU LLIRIA
centro salud;CS ADEMUZ;AVDA. VALENCIA, 68;46140;Ademuz;-1,285123422;40,06425269;El Rincón de Ademuz;València/Valencia;9;6;06. VALENCIA ARNAU LLIRIA
centro auxiliar;CA CASTIELFABIB ARROYO C;ARROYO CEREZO ABAJO, 130;46141;Castielfabib;-1,419284339;40,12103517;El Rincón de Ademuz;València/Valencia;9;6;06. VALENCIA ARNAU LLIRIA
centro auxiliar;CA CASTIELFABIB CUESTA DE;PLAZA DE LA CUESTA DEL RATO, 16;46141;Castielfabib;-1,312683203;40,14682286;El Rincón de Ademuz;València/Valencia;9;6;06. VALENCIA ARNAU LLIRIA
centro auxiliar;CA CASTIELFABIB MAS DE JA;ERAS BAJAS, 44;46141;Castielfabib;-1,249167933;40,12792235;El Rincón de Ademuz;València/Valencia;9;6;06. VALENCIA ARNAU LLIRIA
centro auxiliar;CA CASTIELFABIB;VILLA, 1;46141;Castielfabib;-1,304021291;40,13107346;El Rincón de Ademuz;València/Valencia;9;6;06. VALENCIA ARNAU LLIRIA
centro auxiliar;C.A. CASTIELF LOS SANTOS;LA IGLESIA, 21;46141;Castielfabib;-1,2814928;40,1072406;El Rincón de Ademuz;València/Valencia;9;6;06. VALENCIA ARNAU LLIRIA
centro auxiliar;CA PUEBLA S MIGUEL;ABADIA, 6;46140;Puebla de San Miguel;-1,144807451;40,04485659;El Rincón de Ademuz;València/Valencia;9;6;06. VALENCIA ARNAU LLIRIA
centro salud;CS BENAGUASIL;C/ VIRGEN DEL PILAR, S/N;46180;Benaguasil;-0,590983647;39,59435396;el Camp de Túria;València/Valencia;11;6;06. VALENCIA ARNAU LLIRIA
centro especialidades;CENTRO DE ESPECIALIDADES DE LLIRIA;MEDICO JOSE PEREZ MARTINEZ, 2;46160;Llíria;-0,590952;39,633236;el Camp de Túria;València/Valencia;11;6;06. VALENCIA ARNAU LLIRIA
base editanas;;Calle L'Espart, 7 polígono industrial Pla de Pascanya PAR.63-C;46160;Llíria;-0,58388472;39,63529229;el Camp de Túria;València/Valencia;11;6;06. VALENCIA ARNAU LLIRIA
hospital;H. DE LLIRIA;PARATGE CABEÇO DE L'AGUILA, CV-35, S/N;46160;Llíria;-0,61913967;39,64194417;el Camp de Túria;València/Valencia;11;6;06. VALENCIA ARNAU LLIRIA
centro auxiliar;CA GATOVA;PARQUE CORTES VALENCIANAS, S/N;46169;Gátova;-0,52050809;39,76950189;el Camp de Túria;València/Valencia;11;6;06. VALENCIA ARNAU LLIRIA
centro auxiliar;CA MARINES;PLAZA HERMANO VICENTE COLL, S/N;46163;Marines;-0,530080764;39,73969668;el Camp de Túria;València/Valencia;11;6;06. VALENCIA ARNAU LLIRIA
centro auxiliar;CA NAQUERA;CONSTITUCIO, 2;46118;Nàquera/Náquera;-0,426201153;39,66006163;el Camp de Túria;València/Valencia;11;6;06. VALENCIA ARNAU LLIRIA
centro salud;CS L ELIANA;C/ROSALES, 23;46183;l'Eliana;-0,53397417;39,56320524;el Camp de Túria;València/Valencia;11;6;06. VALENCIA ARNAU LLIRIA
centro salud;CS VILAMARXANT;C/ FONT NOVA, S/N;46191;Vilamarxant;-0,6241221;39,5668739;el Camp de Túria;València/Valencia;11;6;06. VALENCIA ARNAU LLIRIA
centro auxiliar;C.A. BENISSANO;VIRGEN FUNDAMENTO, 9;46181;Benissanó;-0,575070573;39,61271422;el Camp de Túria;València/Valencia;11;6;06. VALENCIA ARNAU LLIRIA
centro auxiliar;CONSULTORIO AUXILIAR DE OLOCAU;C/ MAYOR, 33 / C/JOSE ANTONIO 83,;46169;Olocau;-0,531570148;39,70151255;el Camp de Túria;València/Valencia;11;6;06. VALENCIA ARNAU LLIRIA
centro auxiliar;CA S ANTONIO BENAGEB;PURISIMA, S/N;46184;San Antonio de Benagéber;-0,500742631;39,56036034;el Camp de Túria;València/Valencia;11;6;06. VALENCIA ARNAU LLIRIA
centro auxiliar;CA SERRA;SAGUNTO, 31;46118;Serra;-0,426465145;39,68602591;el Camp de Túria;València/Valencia;11;6;06. VALENCIA ARNAU LLIRIA
hospital;H. DR. MOLINER;PORTACOELI, S/N;46180;Serra;-0,474075519;39,65620457;el Camp de Túria;València/Valencia;11;6;06. VALENCIA ARNAU LLIRIA
centro auxiliar;CA CASINOS;LAS BALSAS, 59;46171;Casinos;-0,708884208;39,70041382;el Camp de Túria;València/Valencia;11;6;06. VALENCIA ARNAU LLIRIA
centro salud;CS BETERA;AVDA. ESCULTOR RAMÓN INGLÉS, 52;46117;Bétera;-0,463960598;39,5938869;el Camp de Túria;València/Valencia;11;6;06. VALENCIA ARNAU LLIRIA
;;Calle estación, 5;46117;Bétera;-0,46442986;39,59386826;el Camp de Túria;València/Valencia;11;6;06. VALENCIA ARNAU LLIRIA
hospital;HOSPITAL PSIQUIATRICO PROVINCIAL;CTRA. BURJASSOT-TORRES TORRES, KM 9;46117;Bétera;-0,443906491;39,57658146;el Camp de Túria;València/Valencia;11;6;06. VALENCIA ARNAU LLIRIA
centro salud;CS POBLA VALLBONA;AVDA. CERVANTES, 46;46185;la Pobla de Vallbona;-0,551741785;39,59592577;el Camp de Túria;València/Valencia;11;6;06. VALENCIA ARNAU LLIRIA
centro salud;CS GODELLA;C/ SAN SEBASTIAN, S/N;46110;Godella;-0,41625738;39,52266097;l'Horta Nord;València/Valencia;13;6;06. VALENCIA ARNAU LLIRIA
centro salud;CS PATERNA;PLAZA CLOT DE JOAN, S/N;46980;Paterna;-0,442825827;39,50450777;l'Horta Nord;València/Valencia;13;6;06. VALENCIA ARNAU LLIRIA
centro auxiliar;CONSULTORIO AUXILIAR PATERNA SANTA RITA;MUSIC ANTONI CABEZA, 24;46980;Paterna;-0,454508934;39,50801598;l'Horta Nord;València/Valencia;13;6;06. VALENCIA ARNAU LLIRIA
centro auxiliar;C.A. PATERNA LA COMA;PLZA/PUZOL, S/N;46980;Paterna;-0,437021522;39,524611;l'Horta Nord;València/Valencia;13;6;06. VALENCIA ARNAU LLIRIA
centro auxiliar;C.A. PATERNA LA CAÑADA;CALLE 30, S/N;46182;Paterna;-0,484692094;39,52613531;l'Horta Nord;València/Valencia;13;6;06. VALENCIA ARNAU LLIRIA
centro auxiliar;C.A. PATERNA TERRAMELAR;ALGINET, 8;46035;Paterna;-0,42806903;39,50796855;l'Horta Nord;València/Valencia;13;6;06. VALENCIA ARNAU LLIRIA
centro auxiliar;C.A. PATERNA LLOMA LLARGA;LLENTISCLE, 7;46980;Paterna;-0,436006145;39,51965923;l'Horta Nord;València/Valencia;13;6;06. VALENCIA ARNAU LLIRIA
centro auxiliar;C.A. PATERNA CAMPAMENTO;AV. PAIS VALENCIANO, 28;46980;Paterna;-0,436957727;39,49996809;l'Horta Nord;València/Valencia;13;6;06. VALENCIA ARNAU LLIRIA
;;Carrer de la Ciutat de Llíria, 5, ;46988;Paterna;-0,45599699;39,51268315;l'Horta Nord;València/Valencia;13;6;06. VALENCIA ARNAU LLIRIA
;;Calle Mare de Deu del Pilar, 24;46980;Paterna;-0,44267178;39,50474381;l'Horta Nord;València/Valencia;13;6;06. VALENCIA ARNAU LLIRIA
centro especialidades;C.E. DE BURJASSOT;CAMI BENIFERRI, S/N;46100;Burjassot;-0,41032735;39,50340688;l'Horta Nord;València/Valencia;13;6;06. VALENCIA ARNAU LLIRIA
centro salud;CS BURJASSOT 2;RUBERT Y VILLO, 4;46100;Burjassot;-0,415210883;39,51276598;l'Horta Nord;València/Valencia;13;6;06. VALENCIA ARNAU LLIRIA
centro salud;CS BURJASSOT 1;BENIFERRI, S/N;46100;Burjassot;-0,410557902;39,50346115;l'Horta Nord;València/Valencia;13;6;06. VALENCIA ARNAU LLIRIA
centro auxiliar;CA ALFARA PATRIARCA;SAN JUAN RIBERA, S/N;46115;Alfara del Patriarca;-0,385696078;39,54527991;l'Horta Nord;València/Valencia;13;6;06. VALENCIA ARNAU LLIRIA
centro auxiliar;C.A. MONCADA S ISIDRO;CRUZ DE RULLA, S/N;46113;Montcada/Moncada;-0,397184521;39,56749601;l'Horta Nord;València/Valencia;13;6;06. VALENCIA ARNAU LLIRIA
centro auxiliar;CONSULTORIO AUXILIAR DE ROCAFORT;BARON DE TERRATEIG, 5;46111;Rocafort;-0,411282848;39,52837911;l'Horta Nord;València/Valencia;13;6;06. VALENCIA ARNAU LLIRIA
centro auxiliar;CA CHULILLA;MAESTRO AMBLAR, 35;46167;Chulilla;-0,891337023;39,65723074;La Serranía;València/Valencia;10;6;06. VALENCIA ARNAU LLIRIA
centro auxiliar;CONSULTORIO AUXILIAR DE ARAS DE LOS OLMOS;TRAVESIA, 2;46179;Aras de los Olmos;-1,135502675;39,92488454;La Serranía;València/Valencia;10;6;06. VALENCIA ARNAU LLIRIA
centro salud;CS CHELVA;AVDA.MANCOMUNIDAD ALTO TURIA, S/N;46176;Chelva;-0,996840846;39,74958074;La Serranía;València/Valencia;10;6;06. VALENCIA ARNAU LLIRIA
;;Calle Diputación provincial, 1-8;46176;Chelva;-0,99511027;39,75003719;La Serranía;València/Valencia;10;6;06. VALENCIA ARNAU LLIRIA
centro auxiliar;CONSULTORIO AUXILIAR DE ALPUENTE;JOSE ANTONIO, S/N;46178;Alpuente;-1,014638647;39,87683285;La Serranía;València/Valencia;10;6;06. VALENCIA ARNAU LLIRIA
centro auxiliar;CA BUGARRA;ANCHA, 9;46165;Bugarra;-0,775776443;39,60835265;La Serranía;València/Valencia;10;6;06. VALENCIA ARNAU LLIRIA
centro auxiliar;CA DOMEÑO;TURIA, S/N;46174;Domeño;-0,672842324;39,66058705;La Serranía;València/Valencia;10;6;06. VALENCIA ARNAU LLIRIA
centro auxiliar;CA ANDILLA;PZA. MURALLA, 1;46170;Andilla;-0,812586462;39,83488681;La Serranía;València/Valencia;10;6;06. VALENCIA ARNAU LLIRIA
centro auxiliar;CA ALCUBLAS;AV. LLIRIA, 3;46172;Alcublas;-0,701991547;39,79500111;La Serranía;València/Valencia;10;6;06. VALENCIA ARNAU LLIRIA
centro auxiliar;CA TUEJAR;AVENIDA RAMON VILLANUEVA, 35;46177;Tuéjar;-1,041831571;39,76823895;La Serranía;València/Valencia;10;6;06. VALENCIA ARNAU LLIRIA
centro auxiliar;CA LOSA DEL OBISPO;REYES CATOLICOS, 22;46173;Losa del Obispo;-0,871146244;39,69575473;La Serranía;València/Valencia;10;6;06. VALENCIA ARNAU LLIRIA
centro salud;CS VILLAR ARZOBISPO;PLZA. HUERTO DEL SEÑOR, S/N;46170;Villar del Arzobispo;-0,819713459;39,73455646;La Serranía;València/Valencia;10;6;06. VALENCIA ARNAU LLIRIA
centro auxiliar;CA GESTALGAR;ACEQUIA, 2;46166;Gestalgar;-0,83614065;39,60364278;La Serranía;València/Valencia;10;6;06. VALENCIA ARNAU LLIRIA
centro auxiliar;CA CALLES;C/ MOLINETA, S/N;46175;Calles;-0,974841447;39,72657962;La Serranía;València/Valencia;10;6;06. VALENCIA ARNAU LLIRIA
centro auxiliar;CA SOT DE CHERA;BLAS CERVERA, 1;46168;Sot de Chera;-0,909169498;39,62290237;La Serranía;València/Valencia;10;6;06. VALENCIA ARNAU LLIRIA
centro auxiliar;CONSULTORIO AUXILIAR DE LA YESA;JOSE ANTONIO, 5;46178;La Yesa;-0,961114075;39,8910379;La Serranía;València/Valencia;10;6;06. VALENCIA ARNAU LLIRIA
centro salud;CENTRO DE SALUD DE TITAGUAS;ROJAS CLEMENTE, 44;46178;Titaguas;-1,083159895;39,8642386;La Serranía;València/Valencia;10;6;06. VALENCIA ARNAU LLIRIA
centro auxiliar;CA HIGUERUELAS;DIPUTACION, 18;46170;Higueruelas;-0,862032235;39,78927725;La Serranía;València/Valencia;10;6;06. VALENCIA ARNAU LLIRIA
centro salud;CS PEDRALBA;BUGARRA, S/N;46164;Pedralba;-0,73086602;39,60677465;La Serranía;València/Valencia;10;6;06. VALENCIA ARNAU LLIRIA
centro especialidades;C.E. DE C/ALBORAYA;ALBORAYA, 21;46010;València;-0,370700222;39,48186909;València;València/Valencia;15;7;07. VALENCIA - LA FE
centro salud;CENTRO DE SALUD DE VALENCIA CAMPANAR II;AVDA. CAMPANAR, 21;46009;València;-0,39027214;39,48501349;València;València/Valencia;15;7;07. VALENCIA - LA FE
centro salud;CS V TRINITAT;FLORA, 7;46010;València;-0,370000858;39,48043027;València;València/Valencia;15;7;07. VALENCIA - LA FE
centro salud;C.S. V AZUCENA;AZUCENA, 9;46025;València;-0,390443558;39,49349759;València;València/Valencia;15;7;07. VALENCIA - LA FE
centro salud;C.S. V MIGUEL SERVET;AMICS DEL CORPUS, 15;46015;València;-0,395512247;39,4881545;València;València/Valencia;15;7;07. VALENCIA - LA FE
centro salud;CS V SALVADOR ALLEND;CONDE LUMIARES, 3;46019;València;-0,372735996;39,4945502;València;València/Valencia;15;7;07. VALENCIA - LA FE
centro salud;C.S. VALENCIA JUAN XXIII;AV. JUAN XXIII, 39;46025;València;-0,383935918;39,49349844;València;València/Valencia;15;7;07. VALENCIA - LA FE
centro salud;CS V CAMPANAR;VICENTE RIUS ENRIQUE, 1;46015;València;-0,402628022;39,47739445;València;València/Valencia;15;7;07. VALENCIA - LA FE
;;Av. Fernando Abril Martorell, 106;46026;València;-0,37687182;39,44265604;València;València/Valencia;15;7;07. VALENCIA - LA FE
centro auxiliar;C.A. V BILBAO;BILBAO, 23;46009;València;-0,372664462;39,48726462;València;València/Valencia;15;7;07. VALENCIA - LA FE
centro auxiliar;C.A. V BENIFARAIG;FERRER Y BIGNE, 47;46016;València;-0,385731218;39,52889425;València;València/Valencia;15;7;07. VALENCIA - LA FE
centro auxiliar;C.A. V CARPESA;APOSTOL SAN PEDRO, 21;46016;València;-0,379636059;39,51741291;València;València/Valencia;15;7;07. VALENCIA - LA FE
centro auxiliar;CA V ARQUITECTO TOLS;SAN VICENTE DE PAUL, 35;46019;València;-0,368000445;39,49391247;València;València/Valencia;15;7;07. VALENCIA - LA FE
centro auxiliar;C.A. V POBLE NOU;CNO. DE MONCADA, 205;46025;València;-0,383575025;39,50385907;València;València/Valencia;15;7;07. VALENCIA - LA FE
centro auxiliar;C.A. V BORBOTO;MARQUES DE LACONI, 10;46016;València;-0,390468601;39,5159317;València;València/Valencia;15;7;07. VALENCIA - LA FE
hospital;H. ARNAU DE VILANOVA;SAN CLIMENT, 12;46015;València;-0,403586523;39,49053571;València;València/Valencia;15;7;07. VALENCIA - LA FE
centro salud;CS ALBAL;C/ REGNE DE VALENCIA, S/N;46470;Albal;-0,415135807;39,39794883;l'Horta Sud;València/Valencia;16;7;07. VALENCIA - LA FE
centro especialidades;C.E. DE CATARROJA;EMILIANO FERRER, 5-BJ;46470;Catarroja;-0,406114132;39,40770164;l'Horta Sud;València/Valencia;16;7;07. VALENCIA - LA FE
centro salud;CS CATARROJA;AVDA. RAMBLETA, 63;46470;Catarroja;-0,405783337;39,40782842;l'Horta Sud;València/Valencia;16;7;07. VALENCIA - LA FE
centro salud;CS SILLA;C/ AUSIAS MARCH, S/N;46460;Silla;-0,412539826;39,35709886;l'Horta Sud;València/Valencia;16;7;07. VALENCIA - LA FE
centro auxiliar;CA BENIPARRELL;C/ CERVANTES, 15;46469;Beniparrell;-0,413968946;39,38187838;l'Horta Sud;València/Valencia;16;7;07. VALENCIA - LA FE
centro salud;CS ALCASSER;ENRIC VALOR, S/N;46290;Alcàsser;-0,445795898;39,36580804;l'Horta Sud;València/Valencia;16;7;07. VALENCIA - LA FE
centro salud;CS MASSANASSA;C/ DR.GIL LOPEZ, S/N;46470;Massanassa;-0,398549612;39,41144306;l'Horta Sud;València/Valencia;16;7;07. VALENCIA - LA FE
centro auxiliar;CA TERESA COFRENTES;PLZA. HISPANIDAD, S/N;46622;Teresa de Cofrentes;-1,050640241;39,10351872;El Valle de Cofrentes-Ayora;València/Valencia;19;8;08. REQUENA
centro auxiliar;CA CORTES DE PALLAS;C/ DOCTOR SANCHEZ URZAIZ, 1;46199;Cortes de Pallás;-0,940608206;39,24293696;El Valle de Cofrentes-Ayora;València/Valencia;19;8;08. REQUENA
centro auxiliar;C.A. CORTES CASTIBLANQUES;CASTIBLANQUES,;46199;Cortes de Pallás;-1,015877063;39,32025555;El Valle de Cofrentes-Ayora;València/Valencia;19;8;08. REQUENA
centro auxiliar;C.A. CORTES EL ORO;EL ORO,;46199;Cortes de Pallás;-0,915423416;39,29935779;El Valle de Cofrentes-Ayora;València/Valencia;19;8;08. REQUENA
centro auxiliar;C.A. CORTES LA CABEZUELA;LA CABEZUELA,;46199;Cortes de Pallás;-1,04026474;39,31936809;El Valle de Cofrentes-Ayora;València/Valencia;19;8;08. REQUENA
centro auxiliar;C.A. CORTES VENTA GAETA;VENTA DE GAETA,;46199;Cortes de Pallás;-0,960506272;39,30834521;El Valle de Cofrentes-Ayora;València/Valencia;19;8;08. REQUENA
centro auxiliar;C.A. CORTES VIÑUELAS;VIÑUELAS,;46199;Cortes de Pallás;-1,008343811;39,3272183;El Valle de Cofrentes-Ayora;València/Valencia;19;8;08. REQUENA
;;Calle nueva, 14;46199;Cortes de Pallás;-0,939313381;39,24380243;El Valle de Cofrentes-Ayora;València/Valencia;19;8;08. REQUENA
centro salud;CS AYORA;AVD.  ARGENTINA, 38;46620;Ayora;-1,058818303;39,06119911;El Valle de Cofrentes-Ayora;València/Valencia;19;8;08. REQUENA
;;C. Manuel Reig, 28;46620;Ayora;-1,05264902;39,05606389;El Valle de Cofrentes-Ayora;València/Valencia;19;8;08. REQUENA
centro auxiliar;CA ZARRA;CTRA. AYORA, S/N;46621;Zarra;-1,072150748;39,09039762;El Valle de Cofrentes-Ayora;València/Valencia;19;8;08. REQUENA
centro auxiliar;CA JALANCE;ISABEL LA CATOLICA, 10;46624;Jalance;-1,077411616;39,19032125;El Valle de Cofrentes-Ayora;València/Valencia;19;8;08. REQUENA
centro salud;CS COFRENTES;COLON, 16;46625;Cofrentes;-1,061193708;39,22947786;El Valle de Cofrentes-Ayora;València/Valencia;19;8;08. REQUENA
centro auxiliar;CA JARAFUEL;C/BOTANICO LORENTE, 1;46623;Jarafuel;-1,073719342;39,14067311;El Valle de Cofrentes-Ayora;València/Valencia;19;8;08. REQUENA
centro salud;CS REQUENA;CONSTITUCION, 47;46340;Requena;-1,09692693;39,48839307;La Plana de Utiel-Requena;València/Valencia;17;8;08. REQUENA
centro auxiliar;C.A. REQUENA S ANTONIO;PLZA. SALVADOR ZAHONERO, 5;46340;Requena;-1,156167657;39,52046147;La Plana de Utiel-Requena;València/Valencia;17;8;08. REQUENA
centro auxiliar;C.A. REQUENA LOS ISIDROS;ALBACETE, 25;46354;Requena;-1,29454483;39,42079664;La Plana de Utiel-Requena;València/Valencia;17;8;08. REQUENA
centro auxiliar;C.A. REQUENA LOS PEDRONES;CARRETERA, 20;46355;Requena;-1,083908746;39,33581757;La Plana de Utiel-Requena;València/Valencia;17;8;08. REQUENA
centro auxiliar;C.A. REQUENA CAMPO ARCIS;PORTERA, 8;46352;Requena;-1,166187576;39,43074324;La Plana de Utiel-Requena;València/Valencia;17;8;08. REQUENA
centro auxiliar;C.A. REQUENA CASAS EUFEMI;AVDA. LOS DUQUES, 1;46352;Requena;-1,210933205;39,44911169;La Plana de Utiel-Requena;València/Valencia;17;8;08. REQUENA
centro auxiliar;C.A. REQUENA Bº ARROYO;ESCUELAS, S/N;46390;Requena;-1,164916562;39,51561985;La Plana de Utiel-Requena;València/Valencia;17;8;08. REQUENA
centro auxiliar;C.A. REQUENA EL REBOLLAR;ENRIQUE CARCEL, S/N;46391;Requena;-1,011826047;39,46942395;La Plana de Utiel-Requena;València/Valencia;17;8;08. REQUENA
centro auxiliar;C.A. REQUENA LA PORTERA;PLAZA SAN JOSE, S/N;46357;Requena;-1,100951971;39,40225952;La Plana de Utiel-Requena;València/Valencia;17;8;08. REQUENA
centro auxiliar;C.A. REQUENA LOS COJOS;MAYOR, 42;46354;Requena;-1,307089539;39,42372348;La Plana de Utiel-Requena;València/Valencia;17;8;08. REQUENA
centro auxiliar;C.A. REQUENA LOS DUQUES;LA ESTRELLA, S/N;46352;Requena;-1,206403601;39,4344135;La Plana de Utiel-Requena;València/Valencia;17;8;08. REQUENA
centro auxiliar;C.A. REQUENA LOS RUICES;OLMO, 1;46353;Requena;-1,255527985;39,47482;La Plana de Utiel-Requena;València/Valencia;17;8;08. REQUENA
centro auxiliar;C.A. REQUENA SAN JUAN;VEREDA, S/N;46390;Requena;-1,173659612;39,52338935;La Plana de Utiel-Requena;València/Valencia;17;8;08. REQUENA
centro auxiliar;C.A. REQUENA CASAS RIO;EL CURA, 1;46356;Requena;-1,133803319;39,2966063;La Plana de Utiel-Requena;València/Valencia;17;8;08. REQUENA
hospital;H. GENERAL DE REQUENA;PARATGE CASABLANCA, S/N;46340;Requena;-1,089153249;39,48845756;La Plana de Utiel-Requena;València/Valencia;17;8;08. REQUENA
centro salud;CS CAUDETE LAS FUENT;VIÑAS, BAJO, 6;46315;Caudete de las Fuentes;-1,278867351;39,55899284;La Plana de Utiel-Requena;València/Valencia;17;8;08. REQUENA
centro auxiliar;CA SINARCAS;CAÑIZARES, S/N;46320;Sinarcas;-1,231425981;39,73259475;La Plana de Utiel-Requena;València/Valencia;17;8;08. REQUENA
centro auxiliar;CA VILLARGORDO CABRI;CARRETERA, 60;46317;Villargordo del Cabriel;-1,441530935;39,53549994;La Plana de Utiel-Requena;València/Valencia;17;8;08. REQUENA
centro auxiliar;CONSULTORIO AUXILIAR DE CAMPORROBLES;PURISIMA, 10;46330;Camporrobles;-1,399686959;39,64624417;La Plana de Utiel-Requena;València/Valencia;17;8;08. REQUENA
centro auxiliar;CA FUENTERROBLES;SANTIAGO, 31;46314;Fuenterrobles;-1,362164906;39,58512593;La Plana de Utiel-Requena;València/Valencia;17;8;08. REQUENA
centro auxiliar;CA VENTA DEL MORO;SAN ISIDRO, 5;46310;Venta del Moro;-1,35870955;39,48457086;La Plana de Utiel-Requena;València/Valencia;17;8;08. REQUENA
centro auxiliar;C.A. VTA.MORO/CASAS MOYA;ESCUELAS, 25;46310;Venta del Moro;-1,390610071;39,45936672;La Plana de Utiel-Requena;València/Valencia;17;8;08. REQUENA
centro auxiliar;C.A. VTA.MORO/CASAS PRADA;TEJAR, S/N;46310;Venta del Moro;-1,338719986;39,44817924;La Plana de Utiel-Requena;València/Valencia;17;8;08. REQUENA
centro auxiliar;C.A. VTA.MORO/CASAS REY;GERVASIO HAYA, S/N;46310;Venta del Moro;-1,38172868;39,47494042;La Plana de Utiel-Requena;València/Valencia;17;8;08. REQUENA
centro auxiliar;C.A. VTA.MORO/JARAGUAS;IGLESIA, 16;46311;Venta del Moro;-1,363070035;39,52200792;La Plana de Utiel-Requena;València/Valencia;17;8;08. REQUENA
centro auxiliar;C.A. VTA.MORO/LAS MONJAS;PLAZA ORENCIO PEREZ, 15;46310;Venta del Moro;-1,301288768;39,46311844;La Plana de Utiel-Requena;València/Valencia;17;8;08. REQUENA
centro auxiliar;C.A. VTA.MORO/LOS MARCOS;NORTE, 10;46310;Venta del Moro;-1,355844823;39,48521161;La Plana de Utiel-Requena;València/Valencia;17;8;08. REQUENA
centro auxiliar;CA CHERA;ANTONIO SANCHEZ PLA, 5;46350;Chera;-0,973578097;39,59305992;La Plana de Utiel-Requena;València/Valencia;17;8;08. REQUENA
centro salud;CS UTIEL;PLAZA ESCUELAS PIAS, 1;46300;Utiel;-1,20901108;39,56885934;La Plana de Utiel-Requena;València/Valencia;17;8;08. REQUENA
centro auxiliar;CA UTIEL LAS CUEVAS;NUESTRA SRA. DE LORETO, 1;46300;Utiel;-1,280899493;39,62076899;La Plana de Utiel-Requena;València/Valencia;17;8;08. REQUENA
centro auxiliar;CA UTIEL LA TORRE;NOVELISTA BLASCO IBAÑEZ, S/N;46300;Utiel;-1,263387195;39,66939203;La Plana de Utiel-Requena;València/Valencia;17;8;08. REQUENA
centro auxiliar;C.A. UTIEL LOS CORRALES;C/ SAN PEDRO APOSTOL, 4;46300;Utiel;-1,270448419;39,59619727;La Plana de Utiel-Requena;València/Valencia;17;8;08. REQUENA
centro auxiliar;CA UTIEL LAS CASAS;C/ CUENCA, 20;46300;Utiel;-1,278690587;39,59003312;La Plana de Utiel-Requena;València/Valencia;17;8;08. REQUENA
centro auxiliar;CA BENAGEBER;EL POZO, S/N;46312;Benagéber;-1,100452598;39,70763957;La Serranía;València/Valencia;10;8;08. REQUENA
centro auxiliar;CA SIETE AGUAS;VICENTE MASCAROS, 9;46392;Siete Aguas;-0,916812815;39,47245181;La Hoya de Buñol;València/Valencia;18;8;08. REQUENA
centro salud;CENTRO DE SALUD DE VALENCIA TRES FORQUES;AVDA. TRES FORQUES, 98;46018;València;-0,4024617;39,46466369;València;València/Valencia;15;9;09. VALENCIA HOSPITAL GENERAL
centro salud;C.S. V GIL Y MORTE;GIL Y MORTE, 33;46007;València;-0,381903071;39,46186576;València;València/Valencia;15;9;09. VALENCIA HOSPITAL GENERAL
centro salud;CS V NAPOLES Y SICIL;NAPOLES Y SICILIA, 4;46003;València;-0,373027821;39,475512;València;València/Valencia;15;9;09. VALENCIA HOSPITAL GENERAL
centro salud;CS V GUILLEM CASTRO;GUILLEM DE CASTRO, 149;46008;València;-0,384157776;39,47671843;València;València/Valencia;15;9;09. VALENCIA HOSPITAL GENERAL
centro salud;CS VALENCIA SAN ISIDRO;JOSE ANDREU ALABARTA, ESQUINA C/CAMPOS CRESPO, S/N;46014;València;-0,402719406;39,45125814;València;València/Valencia;15;9;09. VALENCIA HOSPITAL GENERAL
centro salud;C.S. VALENCIA NOU MOLES;VEINTICINCO DE ABRIL, S/N;46018;València;-0,398448788;39,47043436;València;València/Valencia;15;9;09. VALENCIA HOSPITAL GENERAL
centro auxiliar;CONSULTORIO AUXILIAR DE VALENCIA VIRGEN DE LA FUENSANTA;VIRGEN DE LA FUENSANTA, 18;46014;València;-0,407683724;39,46619131;València;València/Valencia;15;9;09. VALENCIA HOSPITAL GENERAL
centro auxiliar;CONSULTORIO AUXILIAR DE VALENCIA JUAN LLORENS;JUAN LLORENS, 8;46008;València;-0,391840201;39,47370082;València;València/Valencia;15;9;09. VALENCIA HOSPITAL GENERAL
centro auxiliar;C.A. V CONVENTO JERUSALEN;CONVENTO DE JERUSALEN, 29;46007;València;-0,3795496;39,4660354;València;València/Valencia;15;9;09. VALENCIA HOSPITAL GENERAL
hospital;C.H.GRAL.UNIV.DE VALENCIA;AVDA TRES CRUCES, S/N;46014;València;-0,407577129;39,46803671;València;València/Valencia;15;9;09. VALENCIA HOSPITAL GENERAL
centro auxiliar;CA MILLARES;HNOS.SAEZ MERINO, 21;46199;Millares;-0,771543095;39,23667047;La Canal de Navarrés;València/Valencia;22;9;09. VALENCIA HOSPITAL GENERAL
centro auxiliar;CA REAL;JAIME I, 11;46194;Real;-0,608136397;39,33332862;la Ribera Alta;València/Valencia;20;9;09. VALENCIA HOSPITAL GENERAL
centro auxiliar;CA MONTROI/MONTROY;BLASCO IBAÑEZ, 18;46193;Montroi/Montroy;-0,613017965;39,33863131;la Ribera Alta;València/Valencia;20;9;09. VALENCIA HOSPITAL GENERAL
centro salud;CENTRO DE SALUD DE MONTSERRAT;BON AIRE, 18;46192;Montserrat;-0,600064624;39,35863758;la Ribera Alta;València/Valencia;20;9;09. VALENCIA HOSPITAL GENERAL
;;Avda. Dos de Mayo, 6;46192;Montserrat;-0,603404963;39,35717266;la Ribera Alta;València/Valencia;20;9;09. VALENCIA HOSPITAL GENERAL
centro salud;CS PICANYA;PLAZA DE LA CONSTITUCIÓN, 2;46210;Picanya;-0,434048745;39,43588499;l'Horta Sud;València/Valencia;16;9;09. VALENCIA HOSPITAL GENERAL
centro salud;CENTRO DE SALUD TORRENT III;MONTREAL 76 ESQUINA CON ATLANTA 96,;46900;Torrent;-0,467622332;39,42403912;l'Horta Sud;València/Valencia;16;9;09. VALENCIA HOSPITAL GENERAL
centro salud;CS TORRENT;PINTOR RIBERA, 28;46900;Torrent;-0,47506213;39,43488836;l'Horta Sud;València/Valencia;16;9;09. VALENCIA HOSPITAL GENERAL
centro salud;CS TORRENT II;CHIRIVELLA (ESQ. C/ VALENCIA), S/N;46900;Torrent;-0,463225377;39,44099725;l'Horta Sud;València/Valencia;16;9;09. VALENCIA HOSPITAL GENERAL
centro auxiliar;CONSULTORIO AUXILIAR DE TORRENT;SANTOS PATRONOS, 035;46900;Torrent;-0,461680296;39,43483095;l'Horta Sud;València/Valencia;16;9;09. VALENCIA HOSPITAL GENERAL
centro auxiliar;CONSULTORIO AUXILIAR DE TORRENT MONTE-VEDAT;FONT DE SAN LUIS, 28;46901;Torrent;-0,489923804;39,4209039;l'Horta Sud;València/Valencia;16;9;09. VALENCIA HOSPITAL GENERAL
centro salud;CS PICASSENT;MAJOR, S/N;46220;Picassent;-0,461383923;39,3601971;l'Horta Sud;València/Valencia;16;9;09. VALENCIA HOSPITAL GENERAL
centro auxiliar;C.A. XIRIVELLA Bº LUZ;CONSTANTI LLOMBART, 1;46014;Xirivella;-0,416463756;39,46550156;l'Horta Sud;València/Valencia;16;9;09. VALENCIA HOSPITAL GENERAL
;;Calle doctor Francisco Tarrega Barbera, 1;46970;Alacuas;-0,45777915;39,45992315;l'Horta Sud;València/Valencia;16;9;09. VALENCIA HOSPITAL GENERAL
centro auxiliar;CA DOS AGUAS;AVDA MARQUES DE DOS AGUAS, 1;46198;Dos Aguas;-0,800265373;39,2889541;La Hoya de Buñol;València/Valencia;18;9;09. VALENCIA HOSPITAL GENERAL
centro especialidades;C.E. DE MONTEOLIVETE;ESCULTOR JOSE CAPUZ, 13;46006;València;-0,362085908;39,46137107;València;València/Valencia;15;10;10. VALENCIA - DR. PESET
centro salud;CS V PADRE JOFRE;C/ BEATO NICOLAS FACTOR, 1;46007;València;-0,389666761;39,45986268;València;València/Valencia;15;10;10. VALENCIA - DR. PESET
centro salud;CS MALILLA;CARRETERA DE MALILLA, 52;46026;València;-0,379241664;39,45106083;València;València/Valencia;15;10;10. VALENCIA - DR. PESET
centro salud;CS V SAN MARCELINO;C/ SAN PIO X, 33;46017;València;-0,389963726;39,44324241;València;València/Valencia;15;10;10. VALENCIA - DR. PESET
centro salud;C.S. V CASTELLAR;C/ VICENTE PUCHOL, 11;46026;València;-0,3635674;39,4286545;València;València/Valencia;15;10;10. VALENCIA - DR. PESET
centro salud;CS V RUZAFA;C/ SAN VALERO, 8;46004;València;-0,372014991;39,46395001;València;València/Valencia;15;10;10. VALENCIA - DR. PESET
centro salud;CENTRO DE SALUD DE VALENCIA FUENTE DE SAN LUIS;C/ ARABISTA AMBROSIO HUICI, 30;46013;València;-0,36022195;39,45693069;València;València/Valencia;15;10;10. VALENCIA - DR. PESET
centro salud;CS V PLAZA SEGOVIA;PZA SEGOVIA, S/N;46017;València;-0,391333683;39,44847747;València;València/Valencia;15;10;10. VALENCIA - DR. PESET
centro salud;CENTRO DE SALUD DE VALENCIA LUIS OLIAG-MONTEOLIVETE;ESCULTOR JOSE CAPUZ, 13;46006;València;-0,361390228;39,46118032;València;València/Valencia;15;10;10. VALENCIA - DR. PESET
centro auxiliar;CA V LA PUNTA;JESUS MORANTE BORRAS, 176;46012;València;-0,343988938;39,44288186;València;València/Valencia;15;10;10. VALENCIA - DR. PESET
centro auxiliar;C.A. V SAFRANAR;VIRGEN DE LA CABEZA, 31-33;46025;València;-0,396458798;39,46160639;València;València/Valencia;15;10;10. VALENCIA - DR. PESET
centro auxiliar;C.A. V PINEDO;C/ MARINO VILLAMIL, 14;46012;València;-0,338098624;39,42226272;València;València/Valencia;15;10;10. VALENCIA - DR. PESET
centro auxiliar;CA V CARRETERA ARTES;C/ CARRETERA ARTES, 6;46013;València;-0,367436387;39,44252009;València;València/Valencia;15;10;10. VALENCIA - DR. PESET
centro auxiliar;C.A. V EL PALMAR;C/ REDOLINS, 7;46012;València;-0,317808293;39,30953835;València;València/Valencia;15;10;10. VALENCIA - DR. PESET
centro auxiliar;C.A. V HORNO DE ALCEDO;C/ ALABAU, 10;46012;València;-0,375314836;39,43256956;València;València/Valencia;15;10;10. VALENCIA - DR. PESET
centro auxiliar;CONSULTORIO AUXILIAR DE VALENCIA PERELLONET;AMURA, 3;46012;València;-0,285876682;39,29248605;València;València/Valencia;15;10;10. VALENCIA - DR. PESET
centro auxiliar;C.A. V EL SALER;AVDA PINARES, S/N;46012;València;-0,331879731;39,38140129;València;València/Valencia;15;10;10. VALENCIA - DR. PESET
centro auxiliar;CA V LA TORRE;BENIDOLEIG, 9;46017;València;-0,393161986;39,43453514;València;València/Valencia;15;10;10. VALENCIA - DR. PESET
hospital;H.UNIVERSIT. DOCTOR PESET;AVDA GASPAR AGUILAR, 90;46017;València;-0,39422035;39,45359945;València;València/Valencia;15;10;10. VALENCIA - DR. PESET
hospital;H. UNIV. I POLITEC. LA FE;AVENIDA FERNANDO ABRIL MARTORELL, 106;46026;València;-0,37602868;39,44362291;València;València/Valencia;15;10;10. VALENCIA - DR. PESET
hospital;HOSPITAL PARE JOFRE;SANT LLATZER, S/N;46017;València;-0,393782401;39,4531378;València;València/Valencia;15;10;10. VALENCIA - DR. PESET
centro salud;CS SEDAVI;DR GOMEZ FERRER, 3;46910;Sedaví;-0,386448629;39,42524884;l'Horta Sud;València/Valencia;16;10;10. VALENCIA - DR. PESET
;;Carrer de Vicenta Gomar Comare, 9;46460;Silla;-0,41074276;39,35352087;l'Horta Sud;València/Valencia;16;10;10. VALENCIA - DR. PESET
;;Av. d'Ausiàs March, 14;46460;Silla;-0,41175127;39,35803771;l'Horta Sud;València/Valencia;16;10;10. VALENCIA - DR. PESET
;;Carrer Major, 100;46220;Picassent;-0,46168327;39,36015129;l'Horta Sud;València/Valencia;16;10;10. VALENCIA - DR. PESET
centro salud;CS ALFAFAR;C/ DELS FURS, 23;46910;Alfafar;-0,391879283;39,42376499;l'Horta Sud;València/Valencia;16;10;10. VALENCIA - DR. PESET
centro auxiliar;C.A. ALFAFAR PARQUE ALCOS;PZA POETA MIGUEL HERNANDEZ, S/N;46910;Alfafar;-0,399566465;39,41736195;l'Horta Sud;València/Valencia;16;10;10. VALENCIA - DR. PESET
centro salud;CS BENETUSSER;AVDA PAIPORTA, S/N;46910;Benetússer;-0,398983755;39,42521302;l'Horta Sud;València/Valencia;16;10;10. VALENCIA - DR. PESET
centro salud;CS ALGEMESI;CRUCE STA.TERESA-POLINYA, S/N;46680;Algemesí;-0,43760777;39,19610739;la Ribera Alta;València/Valencia;20;11;11. LA RIBERA
centro auxiliar;CA ALGEMESI;PARQUE SALV.CASTELL, 6;46680;Algemesí;-0,440383867;39,18926632;la Ribera Alta;València/Valencia;20;11;11. LA RIBERA
centro salud;CENTRO DE SALUD DE ALZIRA;C/ PAZ, S/N;46600;Alzira;-0,43865463;39,14577591;la Ribera Alta;València/Valencia;20;11;11. LA RIBERA
hospital;HOSPITAL UNIVERSITARIO DE LA RIBERA;CTRA. CORBERA-ALZIRA, KM 1;46600;Alzira;-0,416978853;39,16015865;la Ribera Alta;València/Valencia;20;11;11. LA RIBERA
centro auxiliar;CA BENIMUSLEM;DIPUTACION, 16;46611;Benimuslem;-0,491338261;39,13212078;la Ribera Alta;València/Valencia;20;11;11. LA RIBERA
centro auxiliar;CA LLOMBAI;FRANCISCO CERDA REIG, 3;46195;Llombai;-0,570151194;39,2811905;la Ribera Alta;València/Valencia;20;11;11. LA RIBERA
centro salud;CS CARCAIXENT;C/ BAGNOLS SUR CEZE S/N,;46740;Carcaixent;-0,451001747;39,12415746;la Ribera Alta;València/Valencia;20;11;11. LA RIBERA
;CS CARCAIXENT;Carrer Ramon y Cajal, 2;46740;Carcaixent;-0,45028925;39,1240418;la Ribera Alta;València/Valencia;20;11;11. LA RIBERA
centro auxiliar;C.A. BARRACA D AIGÜES;FONT DE LA FALZIA, 5;46600;Carcaixent;-0,372288931;39,09792854;la Ribera Alta;València/Valencia;20;11;11. LA RIBERA
;;Camì de Sant Bernat, 1;46240;Carlet;-0,52678585;39,23157692;la Ribera Alta;València/Valencia;20;11;11. LA RIBERA
centro auxiliar;CA ALFARP;CATADAU, 2;46197;Alfarb;-0,561646572;39,27723517;la Ribera Alta;València/Valencia;20;11;11. LA RIBERA
centro auxiliar;CA TOUS;SANTA BÁRBARA, S/N;46269;Tous;-0,586789693;39,13840421;la Ribera Alta;València/Valencia;20;11;11. LA RIBERA
centro salud;CS L ALCUDIA;ESQ. BOLLENE CON MAGUNCIA, S/N;46250;l'Alcúdia;-0,501414626;39,19965725;la Ribera Alta;València/Valencia;20;11;11. LA RIBERA
;;Carrer del Professor Manuel Broseta Pont, 8;46250;l'Alcúdia;-0,51097155;39,19395089;la Ribera Alta;València/Valencia;20;11;11. LA RIBERA
centro auxiliar;CA MASSALAVES;REYES CATOLICOS, 23;46292;Massalavés;-0,521697369;39,1436671;la Ribera Alta;València/Valencia;20;11;11. LA RIBERA
centro salud;CS CATADAU;DIPUTACION, 23;46196;Catadau;-0,569215317;39,27713769;la Ribera Alta;València/Valencia;20;11;11. LA RIBERA
centro auxiliar;CA ANTELLA;DAMIA CRUA, 10;46266;Antella;-0,589781144;39,0800388;la Ribera Alta;València/Valencia;20;11;11. LA RIBERA
centro auxiliar;CA GAVARDA;CALLE 3, 1;46267;Gavarda;-0,545703045;39,09014117;la Ribera Alta;València/Valencia;20;11;11. LA RIBERA
centro auxiliar;CA BENIMODO;9 DE OCTUBRE, 14;46291;Benimodo;-0,526786875;39,21478002;la Ribera Alta;València/Valencia;20;11;11. LA RIBERA
centro salud;CS GUADASSUAR;GRAN VIA, 81;46610;Guadassuar;-0,478385489;39,1877741;la Ribera Alta;València/Valencia;20;11;11. LA RIBERA
centro salud;CS ALBERIC;ANTONIO LLORET, 60;46260;Alberic;-0,522454935;39,11425047;la Ribera Alta;València/Valencia;20;11;11. LA RIBERA
centro salud;CENTRO DE SALUD DE ALGINET;CRUCE MAESTRO SERRANO CON MAYOR, 77;46230;Alginet;-0,471089598;39,25889284;la Ribera Alta;València/Valencia;20;11;11. LA RIBERA
;;Calle Gaspar Valenti, S/N;46270;Villanueva de Castellon;-0,512963265;39,08016394;la Ribera Alta;València/Valencia;20;11;11. LA RIBERA
centro auxiliar;CA FAVARA;LEPANTO, 2;46614;Favara;-0,289453153;39,12812025;la Ribera Baixa;València/Valencia;21;11;11. LA RIBERA
centro auxiliar;CA POLINYA DE XUQUER;PASEO COLÓN, 1;46688;Polinyà de Xúquer;-0,367776913;39,19865206;la Ribera Baixa;València/Valencia;21;11;11. LA RIBERA
centro auxiliar;CA LLAURI;C/SAN VICENTE S/N,;46613;Llaurí;-0,327562992;39,1444674;la Ribera Baixa;València/Valencia;21;11;11. LA RIBERA
centro salud;C.S. CULLERA RAVAL;VALENCIA, 119;46400;Cullera;-0,25962876;39,17184922;la Ribera Baixa;València/Valencia;21;11;11. LA RIBERA
centro auxiliar;C.A. CULLERA EL FARO;DR FLEMING, S/N;46400;Cullera;-0,223163853;39,18785769;la Ribera Baixa;València/Valencia;21;11;11. LA RIBERA
centro auxiliar;CA CULLERA OASIS;PLZA CONSTITUCION, S/N;46400;Cullera;-0,241839876;39,1661963;la Ribera Baixa;València/Valencia;21;11;11. LA RIBERA
centro auxiliar;CA CULLERA EL RACO;C/ CIUDADES UNIDAS, S/N;46400;Cullera;-0,231928889;39,18103159;la Ribera Baixa;València/Valencia;21;11;11. LA RIBERA
centro auxiliar;C.V. CULLERA EL BROSQUIL;C/ LA ERMITA, S/N;46400;Cullera;-0,242730099;39,11999375;la Ribera Baixa;València/Valencia;21;11;11. LA RIBERA
;;Avinguda de la Guardia Civil, S/N;46400;Cullera;-0,25440216;39,16206479;la Ribera Baixa;València/Valencia;21;11;11. LA RIBERA
centro auxiliar;C.A. CULLERA MARENY ST;GOMEZ TRENOR, 4;46408;Cullera;-0,25439071;39,2195419;la Ribera Baixa;València/Valencia;21;11;11. LA RIBERA
centro especialidades;C.E. DE SUECA;CAMI DOS PONTETS, 16;46410;Sueca;-0,305877146;39,20409405;la Ribera Baixa;València/Valencia;21;11;11. LA RIBERA
centro salud;CS SUECA;C/LES PALMERES, S/N;46410;Sueca;-0,30594349;39,20366049;la Ribera Baixa;València/Valencia;21;11;11. LA RIBERA
centro auxiliar;C.V. SUECA MARENY BLAU;POLIDEPORTIVO SOCIAL M.B.,;46140;Sueca;-0,248469937;39,22655935;la Ribera Baixa;València/Valencia;21;11;11. LA RIBERA
centro auxiliar;C.A. SUECA EL PERELLO;BARON DE RUAYA, S/N;46412;Sueca;-0,278375464;39,27721576;la Ribera Baixa;València/Valencia;21;11;11. LA RIBERA
centro auxiliar;C.A. SUECA MARENY BARRAQ;SUECA, S/N;46419;Sueca;-0,264476176;39,24617607;la Ribera Baixa;València/Valencia;21;11;11. LA RIBERA
centro auxiliar;C.V. DE POUET LA LLASTRA;PLAZA DEL SOCARRAT, S/N;46410;Sueca;-0,273120284;39,27190863;la Ribera Baixa;València/Valencia;21;11;11. LA RIBERA
centro auxiliar;C.V. SUECA LES PALMERETES;C/ RIU DEL CAIRE, S/N;46419;Sueca;-0,264804995;39,25735903;la Ribera Baixa;València/Valencia;21;11;11. LA RIBERA
centro auxiliar;CA FORTALENY;CAMINAT, 1;46418;Fortaleny;-0,31640105;39,18356679;la Ribera Baixa;València/Valencia;21;11;11. LA RIBERA
centro auxiliar;C.A. SOLLANA;PZ. JOAN FUSTER, 3;46430;Sollana;-0,383704116;39,27956144;la Ribera Baixa;València/Valencia;21;11;11. LA RIBERA
centro auxiliar;C.A. SOLLANA EL ROMANI;MOLI, S/N;46439;Sollana;-0,396704024;39,30269566;la Ribera Baixa;València/Valencia;21;11;11. LA RIBERA
centro auxiliar;CA CORBERA;C/ CALVARIO Nº11,;46612;Corbera;-0,355124094;39,15622851;la Ribera Baixa;València/Valencia;21;11;11. LA RIBERA
centro auxiliar;CA RIOLA;PLAZA CONSTITUCIÓN, 1;46418;Riola;-0,334989743;39,19785976;la Ribera Baixa;València/Valencia;21;11;11. LA RIBERA
centro auxiliar;CA ALBALAT RIBERA;C/ SEQUIA S/N,;46687;Albalat de la Ribera;-0,38673205;39,20244603;la Ribera Baixa;València/Valencia;21;11;11. LA RIBERA
centro salud;CS ALMUSSAFES;C/ ATARAZANA S/N,;46440;Almussafes;-0,412897692;39,2951718;la Ribera Baixa;València/Valencia;21;11;11. LA RIBERA
centro auxiliar;CA BENICULL XUQUER;C/VICTORIA EUGENIA, 100;46689;Benicull de Xúquer;-0,385265811;39,18644632;la Ribera Baixa;València/Valencia;21;11;11. LA RIBERA
centro auxiliar;CA BENICOLET;9 D'OCTUBRE, S/N;46838;Benicolet;-0,348505632;38,91842525;la Vall d'Albaida;València/Valencia;24;12;12. GANDIA
centro salud;CS CASTELLO DE RUGAT;CAMI DEL RAFOL, 2;46841;Castelló de Rugat;-0,38921159;38,8979411;la Vall d'Albaida;València/Valencia;24;12;12. GANDIA
centro auxiliar;CA RAFOL DE SALEM;LA ERMITA, S/N;46843;Ráfol de Salem;-0,398172778;38,86512943;la Vall d'Albaida;València/Valencia;24;12;12. GANDIA
centro auxiliar;CA TERRATEIG;IGLESIA SAN JUAN BAUTISTA, 6;46842;Terrateig;-0,320209167;38,89425384;la Vall d'Albaida;València/Valencia;24;12;12. GANDIA
centro auxiliar;C.A. MONTITXELVO;PINTOR SOROLLA, 25;46842;Montitxelvo/Montichelvo;-0,340586786;38,89042542;la Vall d'Albaida;València/Valencia;24;12;12. GANDIA
centro auxiliar;CA RUGAT;AUSIAS MARCH, 2;46842;Rugat;-0,361841594;38,8801327;la Vall d'Albaida;València/Valencia;24;12;12. GANDIA
centro auxiliar;CA BENIATJAR;SAN ROQUE, 19;46844;Beniatjar;-0,41704184;38,84904831;la Vall d'Albaida;València/Valencia;24;12;12. GANDIA
centro auxiliar;CA AIELO DE RUGAT;ESGLESIA, 22;46842;Aielo de Rugat;-0,343213357;38,88190356;la Vall d'Albaida;València/Valencia;24;12;12. GANDIA
centro auxiliar;CA SALEM;PLAZA LA PAZ, 1;46843;Salem;-0,38076251;38,85362706;la Vall d'Albaida;València/Valencia;24;12;12. GANDIA
centro auxiliar;CA OTOS;SAN JOSE, 6;46844;Otos;-0,443454634;38,85319673;la Vall d'Albaida;València/Valencia;24;12;12. GANDIA
centro auxiliar;CA PALMA DE GANDIA;LUIS VIVES, 1;46724;Palma de Gandía;-0,221755408;38,92484283;la Safor;València/Valencia;25;12;12. GANDIA
centro auxiliar;CONSULTORIO AUXILIAR DE REAL DE GANDIA;C/GERMANIAS, 1;46727;el Real de Gandia;-0,19004157;38,94916698;la Safor;València/Valencia;25;12;12. GANDIA
centro especialidades;C.E. DE GANDIA;AVINGUDA DE LA MEDICINA, 6;46700;Gandia;-0,189196135;38,96614829;la Safor;València/Valencia;25;12;12. GANDIA
centro salud;CENTRO DE SALUD DE GANDIA GRAU;C/LA GOLETA, 17;46730;Gandia;-0,16172647;38,99054289;la Safor;València/Valencia;25;12;12. GANDIA
centro salud;CENTRO DE SALUD DE GANDIA BENIOPA;AV. BENIOPA, 33;46702;Gandia;-0,18667665;38,96983903;la Safor;València/Valencia;25;12;12. GANDIA
centro salud;CENTRO DE SALUD DE GANDIA COREA;BENISSUAI, 22;46701;Gandia;-0,17780291;38,974919;la Safor;València/Valencia;25;12;12. GANDIA
centro auxiliar;CONSULTORIO AUXILIAR DE GANDIA RAVAL;DELS PELLERS, 66;46702;Gandia;-0,182093565;38,96125213;la Safor;València/Valencia;25;12;12. GANDIA
hospital;H. FRANCESC DE BORJA;AVDA. DE LA MEDICINA, 6;46702;Gandia;-0,17012715;38,96280885;la Safor;València/Valencia;25;12;12. GANDIA
centro salud;CS BELLREGUARD;RONDA DELS ESPORTS, S/N;46713;Bellreguard;-0,164913635;38,9451669;la Safor;València/Valencia;25;12;12. GANDIA
centro auxiliar;C.V. DE BELLREGUARD;TRAMUNTANA, S/N;46713;Bellreguard;-0,132665835;38,96431117;la Safor;València/Valencia;25;12;12. GANDIA
centro auxiliar;CA DAIMUS PLAYA;MISTRAL, 3;46710;Daimús;-0,145178016;38,97648666;la Safor;València/Valencia;25;12;12. GANDIA
centro auxiliar;CA DAIMUS;JOSE MORAN, 2;46710;Daimús;-0,153240415;38,96867058;la Safor;València/Valencia;25;12;12. GANDIA
centro auxiliar;CA ALMISERA;LEPANTO, 16;46726;Almiserà;-0,285538;38,91563523;la Safor;València/Valencia;25;12;12. GANDIA
centro auxiliar;CONSULTORIO AUXILIAR DE GUARDAMAR DE LA SAFOR;NOU D'OCTUBRE, 3;46711;Guardamar de la Safor;-0,149097674;38,96148643;la Safor;València/Valencia;25;12;12. GANDIA
centro auxiliar;CONSULTORIO AUXILIAR DE XERACO;CONSELL, 13;46770;Xeraco;-0,216972933;39,03021517;la Safor;València/Valencia;25;12;12. GANDIA
centro auxiliar;C.V. DE XERACO;BORRONS, S/N;46770;Xeraco;-0,194353526;39,047549;la Safor;València/Valencia;25;12;12. GANDIA
centro auxiliar;CA BENIFAIRO VALLDIG;C/ DR. FLEMING, 2;46791;Benifairó de la Valldigna;-0,302345411;39,05240303;la Safor;València/Valencia;25;12;12. GANDIA
centro auxiliar;CA SIMAT VALLDIGNA;AVENIDA DE LA VALLDIGNA, S/N;46750;Simat de la Valldigna;-0,310547462;39,04321436;la Safor;València/Valencia;25;12;12. GANDIA
centro auxiliar;CA LLOCNOU ST JERONI;MONASTERIO  DE COTALBA, 1;46668;Llocnou de Sant Jeroni;-0,285744056;38,9122809;la Safor;València/Valencia;25;12;12. GANDIA
centro auxiliar;CA ADOR;C/CERVANTES, 25;46724;Ador;-0,22539788;38,92054361;la Safor;València/Valencia;25;12;12. GANDIA
centro auxiliar;CA MIRAMAR;C/ ALQUERIETA, 5;46711;Miramar;-0,139498151;38,95200218;la Safor;València/Valencia;25;12;12. GANDIA
centro auxiliar;CA MIRAMAR PLAYA;AVDA. MEDITERRANEO, S/N;46711;Miramar;-0,127655045;38,96117969;la Safor;València/Valencia;25;12;12. GANDIA
centro salud;CENTRO DE SALUD DE OLIVA SANT FRANCESC;GUILLERMO PASTOR BURGALAT, 7;46780;Oliva;-0,114746065;38,91476275;la Safor;València/Valencia;25;12;12. GANDIA
;;Carrer de l'Historiador Bernardí Llorca;46780;Oliva;-0,12546301;38,92500043;la Safor;València/Valencia;25;12;12. GANDIA
centro auxiliar;CA OLIVA PLAYA;LA ANGUILA, 13;46780;Oliva;-0,088587435;38,92524881;la Safor;València/Valencia;25;12;12. GANDIA
centro auxiliar;CA RAFELCOFER;C/ LA PAU, 16;46716;Rafelcofer;-0,167821119;38,93257439;la Safor;València/Valencia;25;12;12. GANDIA
centro auxiliar;CA PILES;C/PADRE PONS, 1;46712;Piles;-0,134206031;38,94103653;la Safor;València/Valencia;25;12;12. GANDIA
centro auxiliar;C.V. DE PILES;AVDA. PAIS VALENCIA, 4B;46712;Piles;-0,115594377;38,94850078;la Safor;València/Valencia;25;12;12. GANDIA
centro auxiliar;CA ROTOVA;JAUME I, 84;46725;Ròtova;-0,256117142;38,9316308;la Safor;València/Valencia;25;12;12. GANDIA
centro auxiliar;CA ALFAUIR;GANDIA, 7;46725;Alfauir;-0,251940536;38,92881418;la Safor;València/Valencia;25;12;12. GANDIA
centro salud;CS VILALLONGA/VILLALONGA;C/ REPRIMALA, 1;46720;Vilallonga/Villalonga;-0,210609508;38,8867478;la Safor;València/Valencia;25;12;12. GANDIA
centro auxiliar;CA FONT D EN CARROS;C/SAN ISIDRO, 10;46717;la Font d'en Carròs;-0,172655126;38,91595435;la Safor;València/Valencia;25;12;12. GANDIA
centro auxiliar;CA CSET CONQUESTA;PZA. PALAU, 1;46726;Castellonet de la Conquesta;-0,263448196;38,91489748;la Safor;València/Valencia;25;12;12. GANDIA
centro auxiliar;CONSULTORIO AUXILIAR DE BARX;GANDIA, 62;46758;Barx;-0,30016214;39,0118083;la Safor;València/Valencia;25;12;12. GANDIA
centro auxiliar;CONSULTORIO AUXILIAR DE BENIRREDRA;LA CREU, 2;46703;Benirredrà;-0,192150013;38,96107806;la Safor;València/Valencia;25;12;12. GANDIA
centro auxiliar;CA L ALQUERIA COMTES;NUEVA, 4;46715;l'Alqueria de la Comtessa;-0,154224069;38,93667482;la Safor;València/Valencia;25;12;12. GANDIA
centro auxiliar;CA PALMERA;PLAZA DE ESPAÑA, 1;46714;Palmera;-0,152464037;38,94221711;la Safor;València/Valencia;25;12;12. GANDIA
centro auxiliar;CA ALMOINES;MEDICO ANTELO, 13;46723;Almoines;-0,180265859;38,94450728;la Safor;València/Valencia;25;12;12. GANDIA
centro auxiliar;CA T.VALLDIGNA PLAYA;SANTA MARIA, S/N;46760;Tavernes de la Valldigna;-0,216879712;39,08864622;la Safor;València/Valencia;25;12;12. GANDIA
;;Plaça Prado Comarcal, 0;46760;Tavernes de la Valldigna;-0,2621295;39,07164219;la Safor;València/Valencia;25;12;12. GANDIA
centro auxiliar;CONSULTORIO AUXILIAR DE BENIARJO;AV. PAIS VALENCIA, 15;46722;Beniarjó;-0,186108211;38,93339664;la Safor;València/Valencia;25;12;12. GANDIA
centro auxiliar;CONSULTORIO AUXILIAR DE XERESA;BARCELLA, S/N;46790;Xeresa;-0,215892736;39,01048459;la Safor;València/Valencia;25;12;12. GANDIA
centro auxiliar;CA POTRIES;ERMITA, S/N;46721;Potries;-0,192353134;38,91477344;la Safor;València/Valencia;25;12;12. GANDIA
centro salud;CS ENGUERA;AV. CONSTITUCIÓN, S/N;46810;Enguera;-0,688489265;38,98105787;La Canal de Navarrés;València/Valencia;22;14;14. XATIVA - ONTINYENT
centro auxiliar;C.A. ENGUERA NAVALON;PLAZA VIRGEN DE BELEN, S/N;46810;Enguera;-0,88069265;38,92082393;La Canal de Navarrés;València/Valencia;22;14;14. XATIVA - ONTINYENT
centro salud;CENTRO DE SALUD DE NAVARRES;ALEGRIA DE LA HUERTA, 55;46823;Navarrés;-0,69535732;39,10137177;La Canal de Navarrés;València/Valencia;22;14;14. XATIVA - ONTINYENT
centro auxiliar;CA BOLBAITE;SANTA CECILIA, 19;46822;Bolbaite;-0,672735873;39,06066788;La Canal de Navarrés;València/Valencia;22;14;14. XATIVA - ONTINYENT
centro auxiliar;CONSULTORIO AUXILIAR DE ANNA;AVDA. DIPUTACION, S/N;46820;Anna;-0,646699063;39,01818964;La Canal de Navarrés;València/Valencia;22;14;14. XATIVA - ONTINYENT
centro auxiliar;CONSULTORIO AUXILIAR DE BICORP;CARRETERA, 22;46825;Bicorp;-0,787057232;39,1309085;La Canal de Navarrés;València/Valencia;22;14;14. XATIVA - ONTINYENT
centro auxiliar;CONSULTORIO AUXILIAR DE QUESA;VALENCIA, 50;46824;Quesa;-0,738406439;39,11734832;La Canal de Navarrés;València/Valencia;22;14;14. XATIVA - ONTINYENT
centro salud;CENTRO DE SALUD DE CHELLA;PINTOR PALLAS, 1;46821;Chella;-0,658670265;39,03981274;La Canal de Navarrés;València/Valencia;22;14;14. XATIVA - ONTINYENT
centro auxiliar;CA MANUEL;PIO XII, S/N;46669;Manuel;-0,49386943;39,05075859;la Ribera Alta;València/Valencia;20;14;14. XATIVA - ONTINYENT
centro auxiliar;CONSULTORIO AUXILIAR DE L ENOVA;CERVANTES, 42;46669;l'Énova;-0,479407412;39,04393134;la Ribera Alta;València/Valencia;20;14;14. XATIVA - ONTINYENT
centro auxiliar;CA SANT JOANET;VILLANUEVA DE CASTELLON, 3;46669;Sant Joanet;-0,488167202;39,07125266;la Ribera Alta;València/Valencia;20;14;14. XATIVA - ONTINYENT
centro auxiliar;CA ALCANTERA XUQUER;MARIA MIQUEL, 1;46293;Alcàntera de Xúquer;-0,560314994;39,07015464;la Ribera Alta;València/Valencia;20;14;14. XATIVA - ONTINYENT
centro auxiliar;CA RAFELGUARAF;JUAN SILVESTRE, S/N;46666;Rafelguaraf;-0,454665019;39,05218883;la Ribera Alta;València/Valencia;20;14;14. XATIVA - ONTINYENT
centro auxiliar;C.A. RAFELGUARAF TOSSAL;C/ SAN JOSE, 1;46668;Rafelguaraf;-0,468918008;39,04634934;la Ribera Alta;València/Valencia;20;14;14. XATIVA - ONTINYENT
centro auxiliar;CONSULTORIO AUXILIAR DE SELLENT;DIPUTACIO, 1;46295;Sellent;-0,58749842;39,03108516;la Ribera Alta;València/Valencia;20;14;14. XATIVA - ONTINYENT
centro salud;CS CARCER;SEVILLA, S/N;46294;Càrcer;-0,566375113;39,06883212;la Ribera Alta;València/Valencia;20;14;14. XATIVA - ONTINYENT
centro auxiliar;CONSULTORIO AUXILIAR DE COTES;SANCHIS OLIAG, 7;46294;Cotes;-0,576189586;39,07154869;la Ribera Alta;València/Valencia;20;14;14. XATIVA - ONTINYENT
centro auxiliar;CA SENYERA;DOCTOR FLEMING, S/N;46669;Senyera;-0,510509069;39,06397377;la Ribera Alta;València/Valencia;20;14;14. XATIVA - ONTINYENT
centro auxiliar;CONSULTORIO AUXILIAR DE BENEIXIDA;JAIME  I, 3;46293;Beneixida;-0,549523775;39,05738948;la Ribera Alta;València/Valencia;20;14;14. XATIVA - ONTINYENT
centro salud;CENTRO DE SALUD DE CASTELLO;GASPAR VALENTI, S/N;46270;Castelló;-0,513424014;39,07997515;la Ribera Alta;València/Valencia;20;14;14. XATIVA - ONTINYENT
centro salud;CS LA POBLA LLARGA;SAN VICENTE, 37;46670;la Pobla Llarga;-0,474914534;39,08595984;la Ribera Alta;València/Valencia;20;14;14. XATIVA - ONTINYENT
centro auxiliar;CA SUMACARCER;PAIS VALENCIA, 1;46295;Sumacàrcer;-0,630152548;39,0964228;la Ribera Alta;València/Valencia;20;14;14. XATIVA - ONTINYENT
centro salud;CS ALBAIDA;AVDA. ROMERAL, 1;46860;Albaida;-0,522422357;38,83912836;la Vall d'Albaida;València/Valencia;24;14;14. XATIVA - ONTINYENT
centro salud;CS BOCAIRENT;C/SANTA AGUEDA, S/N;46880;Bocairent;-0,613526132;38,76479596;la Vall d'Albaida;València/Valencia;24;14;14. XATIVA - ONTINYENT
centro auxiliar;C.A. ALFARRASI;LEPANTO, 2;46893;Alfarrasí;-0,496723433;38,90540881;la Vall d'Albaida;València/Valencia;24;14;14. XATIVA - ONTINYENT
centro auxiliar;CA LA POBLA DEL DUC;LEVANTE, 8;46840;la Pobla del Duc;-0,418462653;38,90417936;la Vall d'Albaida;València/Valencia;24;14;14. XATIVA - ONTINYENT
centro auxiliar;CA SEMPERE;PLAZA SAN PEDRO, 23;46839;Sempere;-0,480348772;38,91958836;la Vall d'Albaida;València/Valencia;24;14;14. XATIVA - ONTINYENT
centro auxiliar;CA BELLUS;SAN GREGORIO, S/N;46839;Bellús;-0,487561313;38,94508431;la Vall d'Albaida;València/Valencia;24;14;14. XATIVA - ONTINYENT
centro auxiliar;CA BENISSODA;PRINCIPE FELIPE, 1;46869;Benissoda;-0,529870932;38,8326091;la Vall d'Albaida;València/Valencia;24;14;14. XATIVA - ONTINYENT
centro auxiliar;C.A. BENISSUERA;PLAZA DE LA IGLESIA, 2;46839;Benissuera;-0,476486111;38,9129626;la Vall d'Albaida;València/Valencia;24;14;14. XATIVA - ONTINYENT
centro salud;CS BENIGANIM;LEONOR ORTIZ, 9;46830;Benigànim;-0,444266043;38,94525811;la Vall d'Albaida;València/Valencia;24;14;14. XATIVA - ONTINYENT
centro auxiliar;C.A. FONTANARS ALFORINS;CONDE SALVATIERRA, 37;46635;Fontanars dels Alforins;-0,783961769;38,78113306;la Vall d'Albaida;València/Valencia;24;14;14. XATIVA - ONTINYENT
centro auxiliar;CA AGULLENT;DR.FLEMING, 1;46890;Agullent;-0,548945161;38,82241165;la Vall d'Albaida;València/Valencia;24;14;14. XATIVA - ONTINYENT
centro auxiliar;CA GUADASSÉQUIES;PLAZA MAYOR, S/N;46839;Guadasséquies;-0,487576837;38,92451256;la Vall d'Albaida;València/Valencia;24;14;14. XATIVA - ONTINYENT
centro especialidades;C.E. DE ONTINYENT;JOSEP SIMO MARIN, S/N;46870;Ontinyent;-0,603196729;38,8210075;la Vall d'Albaida;València/Valencia;24;14;14. XATIVA - ONTINYENT
centro salud;CS ONTINYENT S RAFAE;LES TREBANELLES, S/N;46870;Ontinyent;-0,614308346;38,82228236;la Vall d'Albaida;València/Valencia;24;14;14. XATIVA - ONTINYENT
centro salud;CENTRO DE SALUD DE ONTINYENT AVDA. ALBAIDA;AV. ALBAIDA, S/N;46870;Ontinyent;-0,59741378;38,82103801;la Vall d'Albaida;València/Valencia;24;14;14. XATIVA - ONTINYENT
centro salud;CS ONTINYENT BARRANQ;PL. CORONACION, S/N;46870;Ontinyent;-0,608453642;38,81944118;la Vall d'Albaida;València/Valencia;24;14;14. XATIVA - ONTINYENT
hospital;HOSPITAL GENERAL DE ONTINYENT;AV. FRANCISCO CERDA, 3 || C/METGE JOSE RIERA ROIG,;46870;Ontinyent;-0,60350776;38,82000804;la Vall d'Albaida;València/Valencia;24;14;14. XATIVA - ONTINYENT
centro auxiliar;CA PINET;PLAZA DEL AYUNTAMIENTO, 1;46838;Pinet;-0,338658907;38,98329287;la Vall d'Albaida;València/Valencia;24;14;14. XATIVA - ONTINYENT
centro auxiliar;CA EL PALOMAR;SANTO DOMINGO, 27;46891;el Palomar;-0,500230237;38,85435066;la Vall d'Albaida;València/Valencia;24;14;14. XATIVA - ONTINYENT
centro auxiliar;CA ATZENETA D ALBAID;VIRGEN DESAMPARADOS, 4;46869;Atzeneta d'Albaida;-0,496415344;38,83433701;la Vall d'Albaida;València/Valencia;24;14;14. XATIVA - ONTINYENT
centro auxiliar;CA MONTAVERNER;CARRER NOU, S/N;46892;Montaverner;-0,495765869;38,88804101;la Vall d'Albaida;València/Valencia;24;14;14. XATIVA - ONTINYENT
centro salud;CS L OLLERIA;PZA VIRGEN DE LORETO, S/N;46850;l'Olleria;-0,55009961;38,91368151;la Vall d'Albaida;València/Valencia;24;14;14. XATIVA - ONTINYENT
centro auxiliar;CA BELGIDA;SAN JAIME, 6;46868;Bèlgida;-0,474313575;38,86091633;la Vall d'Albaida;València/Valencia;24;14;14. XATIVA - ONTINYENT
centro auxiliar;CA QUATRETONDA;LLUTXENT, 1;46837;Quatretonda;-0,400097248;38,94469159;la Vall d'Albaida;València/Valencia;24;14;14. XATIVA - ONTINYENT
centro auxiliar;CA CARRICOLA;PZA. CONSTITUCION, 5;46869;Carrícola;-0,471922288;38,84018616;la Vall d'Albaida;València/Valencia;24;14;14. XATIVA - ONTINYENT
centro auxiliar;CA AIELO DE MALFERIT;BOCAIRENT, S/N;46812;Aielo de Malferit;-0,588791027;38,87684884;la Vall d'Albaida;València/Valencia;24;14;14. XATIVA - ONTINYENT
centro salud;CS LLUTXENT;SAN ANTONIO, S/N;46838;Llutxent;-0,355027198;38,94045842;la Vall d'Albaida;València/Valencia;24;14;14. XATIVA - ONTINYENT
centro auxiliar;CA BUFALI;LA PAZ, 1;46891;Bufali;-0,513932703;38,86789089;la Vall d'Albaida;València/Valencia;24;14;14. XATIVA - ONTINYENT
centro auxiliar;CA LLANERA DE RANES;CTRA. MADRID, 31;46814;Llanera de Ranes;-0,572732211;38,99189546;la Costera;València/Valencia;23;14;14. XATIVA - ONTINYENT
centro auxiliar;CONSULTORIO AUXILIAR DE ROTGLA I CORBERA;CARRETERA DE MADRID, 62;46816;Rotglà i Corberà;-0,565122555;39,00355758;la Costera;València/Valencia;23;14;14. XATIVA - ONTINYENT
centro auxiliar;CA BARXETA;JAIME I, 5;46667;Barxeta;-0,417772951;39,02274154;la Costera;València/Valencia;23;14;14. XATIVA - ONTINYENT
centro auxiliar;CA VALLES;CONSULTORIO MEDICO, S/N;46800;Vallés;-0,556092029;38,98503853;la Costera;València/Valencia;23;14;14. XATIVA - ONTINYENT
centro auxiliar;C.A. NOVETLE;SIMARRO OLTRA, 2;46800;Novetlè;-0,545450002;38,9815134;la Costera;València/Valencia;23;14;14. XATIVA - ONTINYENT
centro auxiliar;CA LLOC NOU D EN FEN;PLAZA NUEVA, S/N;46668;Llocnou d'En Fenollet;-0,467804953;39,01447204;la Costera;València/Valencia;23;14;14. XATIVA - ONTINYENT
centro salud;CS L ALCUDIA CRESPIN;AV. CORTS VALENCIANES, S/N;46690;l'Alcúdia de Crespins;-0,593047033;38,97084347;la Costera;València/Valencia;23;14;14. XATIVA - ONTINYENT
centro salud;CS MOIXENT / MOGENTE;C/ RIU CANYOLES, 2;46640;Moixent/Mogente;-0,754321008;38,87629347;la Costera;València/Valencia;23;14;14. XATIVA - ONTINYENT
;;Carrer Santes Reliquies, 3;46640;Moixent/Mogente;-0,7546556;38,87392044;la Costera;València/Valencia;23;14;14. XATIVA - ONTINYENT
centro auxiliar;CA VALLADA;MAESTRE PERE LLUIS GALCERAN DE BORJA, 59;46691;Vallada;-0,689939175;38,89711065;la Costera;València/Valencia;23;14;14. XATIVA - ONTINYENT
centro salud;CS LA LLOSA DE RANES;ALACANT, S/N;46815;la Llosa de Ranes;-0,528955221;39,01894746;la Costera;València/Valencia;23;14;14. XATIVA - ONTINYENT
centro auxiliar;CA GRANJA COSTERA;PL/ DE LA IGLESIA, S/N;46813;la Granja de la Costera;-0,557153421;38,99597649;la Costera;València/Valencia;23;14;14. XATIVA - ONTINYENT
centro especialidades;C.E. DE XATIVA;PL. ESPAÑOLETO, 13;46800;Xàtiva;-0,523482486;38,98747591;la Costera;València/Valencia;23;14;14. XATIVA - ONTINYENT
centro salud;CENTRO DE SALUD DE XATIVA;AUSIAS MARCH, S/N;46800;Xàtiva;-0,527542247;38,99022703;la Costera;València/Valencia;23;14;14. XATIVA - ONTINYENT
centro auxiliar;CA XATIVA;PLAZA DE LA SEU, 2;46800;Xàtiva;-0,519185274;38,98770095;la Costera;València/Valencia;23;14;14. XATIVA - ONTINYENT
centro auxiliar;C.A. XATIVA TORRE LLORIS;AVENIDA DE XATIVA, S/N;46668;Xàtiva;-0,49902491;39,03378672;la Costera;València/Valencia;23;14;14. XATIVA - ONTINYENT
centro auxiliar;C.A. XATIVA ANAHUIR;SOL, 1;46800;Xàtiva;-0,565263385;38,97631678;la Costera;València/Valencia;23;14;14. XATIVA - ONTINYENT
hospital;H. LLUIS ALCANYIS;CRA. XATIVA-SILLA, KM 2;46800;Xàtiva;-0,50989866;39,00717258;la Costera;València/Valencia;23;14;14. XATIVA - ONTINYENT
centro auxiliar;CA EL GENOVES;SAN ISIDRO, S/N;46894;el Genovés;-0,467474744;38,98931221;la Costera;València/Valencia;23;14;14. XATIVA - ONTINYENT
centro auxiliar;CA ESTUBENY;SANT ANTONI, 1;46820;Estubeny;-0,624286218;39,01711048;la Costera;València/Valencia;23;14;14. XATIVA - ONTINYENT
centro auxiliar;CA MONTESA;SILVERIO PERFECTO, 19;46692;Montesa;-0,651319689;38,95051729;la Costera;València/Valencia;23;14;14. XATIVA - ONTINYENT
centro salud;CS CANALS;ALAMEDA RONDA SUR, S/N;46650;Canals;-0,587499327;38,95775788;la Costera;València/Valencia;23;14;14. XATIVA - ONTINYENT
centro auxiliar;C.A. CANALS AIACOR;AVDA. GENERALITAT, S/N;46659;Canals;-0,577021824;38,97219674;la Costera;València/Valencia;23;14;14. XATIVA - ONTINYENT
centro auxiliar;CONSULTORIO AUXILIAR DE LA FONT DE LA FIGUERA;HISTORIADOR ROS, 4;46630;la Font de la Figuera;-0,878767068;38,80434394;la Costera;València/Valencia;23;14;14. XATIVA - ONTINYENT
centro auxiliar;CA CERDA;CONSULTORIO MEDICO, S/N;46800;Cerdà;-0,573864578;38,98649075;la Costera;València/Valencia;23;14;14. XATIVA - ONTINYENT
centro auxiliar;CA TORRELLA;CONSULTORIO MEDICO, S/N;46800;Torrella;-0,571735619;38,98891252;la Costera;València/Valencia;23;14;14. XATIVA - ONTINYENT
centro salud;CS TURIS;MUSICO JOSE VICENTE HERRERA, S/N;46389;Turís;-0,71714759;39,38825011;la Ribera Alta;València/Valencia;20;23;23. MANISES
centro salud;CS RIBA-ROJA TURIA;COLON, S/N;46190;Riba-roja de Túria;-0,56683162;39,54457419;el Camp de Túria;València/Valencia;11;23;23. MANISES
centro auxiliar;CONSULTORIO AUXILIAR DE LORIGUILLA;AVDA. OESTE, 13;46393;Loriguilla;-0,571533802;39,48923087;el Camp de Túria;València/Valencia;11;23;23. MANISES
centro salud;CS QUART DE POBLET;TRAFALGAR ESQ. VILLALBA DE LUGO, S/N;46930;Quart de Poblet;-0,44859154;39,48347139;l'Horta Sud;València/Valencia;16;23;23. MANISES
centro auxiliar;C. AUX. SANTA CECILIA;SANTA CECILIA ESQ.  REVERENDO PADRE JOSE PALACIOS,;46930;Quart de Poblet;-0,436889964;39,47942236;l'Horta Sud;València/Valencia;16;23;23. MANISES
hospital;COMPLEJO SANITARIO MISLATA QUART (ANTIGUO HOSPITAL MILITAR);DOLORES IBARRURI, 3;46920;Quart de Poblet;-0,427154924;39,47982273;l'Horta Sud;València/Valencia;16;23;23. MANISES
centro salud;CS MANISES;DR PESET ALEIXANDRE, S/N;46940;Manises;-0,457656581;39,48914046;l'Horta Sud;València/Valencia;16;23;23. MANISES
centro auxiliar;CA MANISES EL CARMEN;PATERNA, 6-8;46940;Manises;-0,451169728;39,48617526;l'Horta Sud;València/Valencia;16;23;23. MANISES
centro auxiliar;CONSULTORIO AUXILIAR DE MANISES ELS XIPRERETS;CERAMISTA ALFONS BLAT, 6;46940;Manises;-0,470130545;39,49785378;l'Horta Sud;València/Valencia;16;23;23. MANISES
hospital;HOSPITAL DE MANISES;AVDA. GENERALITAT VALENCIANA, 50;46940;Manises;-0,45328259;39,48550701;l'Horta Sud;València/Valencia;16;23;23. MANISES
centro especialidades;CENTRO DE ESPECIALIDADES DE MISLATA;DOLORES IBARRURI, 3;46920;Mislata;-0,42538635;39,48021668;l'Horta Sud;València/Valencia;16;23;23. MANISES
centro salud;CENTRO DE SALUD DE MISLATA;AVDA. BUENOS AIRES, 2;46920;Mislata;-0,414839267;39,47840549;l'Horta Sud;València/Valencia;16;23;23. MANISES
centro auxiliar;CONSULTORIO AUXILIAR DE MISLATA;ORTEGA Y GASSET, 3;46920;Mislata;-0,417970533;39,47228008;l'Horta Sud;València/Valencia;16;23;23. MANISES
centro especialidades;CENTRO DE ESPECIALIDADES DE ALDAIA;3 D'ABRIL, 1;46960;Aldaia;-0,467379006;39,46262455;l'Horta Sud;València/Valencia;16;23;23. MANISES
centro salud;C.S. ALDAIA Bº CRISTO;C/ PUIG CAMPANA, S/N;46960;Aldaia;-0,4674232;39,46642041;l'Horta Sud;València/Valencia;16;23;23. MANISES
centro salud;CS ALDAIA;PZ. ANTIC REGNE DE VALENCIA, S/N;46960;Aldaia;-0,467316238;39,46253588;l'Horta Sud;València/Valencia;16;23;23. MANISES
centro auxiliar;CONSULTORIO AUXILIAR DE YATOVA;MAESTRO ROMERO, 7;46367;Yátova;-0,808218232;39,38499473;La Hoya de Buñol;València/Valencia;18;23;23. MANISES
centro auxiliar;CONSULTORIO AUXILIAR DE ALBORACHE;AVDA. DE LA MUSICA, 12;46369;Alborache;-0,76989111;39,39105878;La Hoya de Buñol;València/Valencia;18;23;23. MANISES
centro salud;CS CHESTE;ESPERANTISTA ENRIQUE ARNAU, S/N;46380;Cheste;-0,685341304;39,49791514;La Hoya de Buñol;València/Valencia;18;23;23. MANISES
centro auxiliar;CONSULTORIO AUXILIAR DE MACASTRE;HOYA DE BUNYOL, 5;46368;Macastre;-0,785752497;39,38306147;La Hoya de Buñol;València/Valencia;18;23;23. MANISES
centro auxiliar;CA GODELLETA;COMUNIDAD VALENCIANA, S/N;46388;Godelleta;-0,685478799;39,42404179;La Hoya de Buñol;València/Valencia;18;23;23. MANISES
centro salud;CS CHIVA;ALCALDE URBINO BLAY MAÑEZ, 4;46370;Chiva;-0,71219087;39,46930647;La Hoya de Buñol;València/Valencia;18;23;23. MANISES
centro auxiliar;CA CALICANTO;AV BUENOS AIRES, 113;46370;Chiva;-0,553113524;39,43227364;La Hoya de Buñol;València/Valencia;18;23;23. MANISES
;;Av. Rafael Ridaura, 13;46360;Buñol;-0,78634858;39,42481399;La Hoya de Buñol;València/Valencia;18;23;23. MANISES
;;Av. Rafael Ridaura, 17;46360;Buñol;-0,7854259;39,42615509;La Hoya de Buñol;València/Valencia;18;23;23. MANISES
centro auxiliar;CA SIERRA PERENCHIZA;JUAN CARLOS I, S/N;46370;Chiva;-0,597685505;39,43977292;La Hoya de Buñol;València/Valencia;18;23;23. MANISES
